Date;30.10.2025
Time;17.09.53
Sensor name:;TLE493D-P3I8

Comment:;


Index;Bx[mT];By[mT];Bz[mT];Bx[LSB];By[LSB];Bz[LSB];Temperature[C];Mode[MCM=0,ULOW_POWER=1,LOW_POWER=2,FAST=3]
1;-0.07;-4.78;-0.17;-2;-141;-5;19.61;2
2;-0.20;-4.71;-0.17;-6;-139;-5;19.61;2
3;-0.17;-4.75;-0.20;-5;-140;-6;19.61;2
4;-0.07;-4.75;-0.24;-2;-140;-7;19.54;2
5;-0.07;-4.61;-0.14;-2;-136;-4;19.54;2
6;-0.17;-4.68;-0.24;-5;-138;-7;19.87;2
7;-0.17;-4.75;-0.17;-5;-140;-5;19.47;2
8;-0.10;-4.68;-0.24;-3;-138;-7;19.34;2
9;-0.17;-4.58;-0.14;-5;-135;-4;19.47;2
10;-0.10;-4.64;-0.17;-3;-137;-5;19.67;2
11;-0.17;-4.78;-0.17;-5;-141;-5;19.34;2
12;-0.07;-4.58;-0.14;-2;-135;-4;19.54;2
13;-0.10;-4.81;-0.27;-3;-142;-8;19.47;2
14;-0.14;-4.78;-0.24;-4;-141;-7;19.41;2
15;-0.14;-4.75;-0.20;-4;-140;-6;19.47;2
16;-0.14;-4.61;-0.17;-4;-136;-5;19.54;2
17;0.00;-4.71;-0.24;0;-139;-7;19.67;2
18;-0.14;-4.54;-0.24;-4;-134;-7;19.67;2
19;-0.07;-4.71;-0.17;-2;-139;-5;19.34;2
20;-0.20;-4.78;-0.20;-6;-141;-6;19.67;2
21;-0.14;-4.54;-0.20;-4;-134;-6;19.54;2
22;-0.10;-4.68;-0.24;-3;-138;-7;19.54;2
23;-0.03;-4.54;-0.20;-1;-134;-6;19.54;2
24;-0.07;-4.75;-0.20;-2;-140;-6;19.47;2
25;0.07;-4.51;-0.24;2;-133;-7;19.67;2
26;-0.14;-4.68;-0.14;-4;-138;-4;19.54;2
27;-0.17;-4.68;-0.24;-5;-138;-7;19.74;2
28;-0.24;-4.61;-0.17;-7;-136;-5;19.34;2
29;-0.10;-4.61;-0.17;-3;-136;-5;19.41;2
30;-0.17;-4.61;-0.14;-5;-136;-4;19.54;2
31;-0.14;-4.78;-0.20;-4;-141;-6;19.41;2
32;-0.10;-4.61;-0.20;-3;-136;-6;19.47;2
33;-0.14;-4.64;-0.24;-4;-137;-7;19.61;2
34;-0.14;-4.58;-0.20;-4;-135;-6;19.47;2
35;-0.10;-4.61;-0.24;-3;-136;-7;19.28;2
36;-0.10;-4.68;-0.20;-3;-138;-6;19.61;2
37;-0.10;-4.75;-0.24;-3;-140;-7;19.47;2
38;0.00;-4.68;-0.24;0;-138;-7;19.54;2
39;-0.07;-4.81;-0.20;-2;-142;-6;19.21;2
40;-0.10;-4.68;-0.24;-3;-138;-7;19.47;2
41;-0.17;-4.68;-0.17;-5;-138;-5;19.54;2
42;0.03;-4.71;-0.14;1;-139;-4;19.61;2
43;-0.20;-4.61;-0.27;-6;-136;-8;19.47;2
44;-0.14;-4.58;-0.20;-4;-135;-6;19.61;2
45;-0.17;-4.71;-0.20;-5;-139;-6;19.61;2
46;-0.07;-4.68;-0.20;-2;-138;-6;19.54;2
47;-0.07;-4.68;-0.20;-2;-138;-6;19.67;2
48;-0.03;-4.68;-0.20;-1;-138;-6;19.41;2
49;-0.17;-4.71;-0.27;-5;-139;-8;19.47;2
50;0.00;-4.58;-0.17;0;-135;-5;19.47;2
51;-0.14;-4.68;-0.14;-4;-138;-4;19.41;2
52;-0.03;-4.64;-0.14;-1;-137;-4;19.21;2
53;-0.17;-4.71;-0.20;-5;-139;-6;19.54;2
54;-0.17;-4.68;-0.20;-5;-138;-6;19.54;2
55;-0.03;-4.75;-0.20;-1;-140;-6;19.61;2
56;0.00;-4.75;-0.20;0;-140;-6;19.47;2
57;-0.20;-4.64;-0.20;-6;-137;-6;19.47;2
58;-0.17;-4.64;-0.20;-5;-137;-6;19.21;2
59;0.00;-4.64;-0.20;0;-137;-6;19.74;2
60;-0.10;-4.75;-0.14;-3;-140;-4;19.54;2
61;-0.17;-4.75;-0.24;-5;-140;-7;19.54;2
62;-0.10;-4.58;-0.17;-3;-135;-5;19.28;2
63;-0.03;-4.68;-0.24;-1;-138;-7;19.67;2
64;-0.10;-4.64;-0.14;-3;-137;-4;19.54;2
65;0.10;-4.68;-0.20;3;-138;-6;19.67;2
66;0.00;-4.68;-0.20;0;-138;-6;19.28;2
67;-0.14;-4.81;-0.20;-4;-142;-6;19.47;2
68;-0.17;-4.61;-0.20;-5;-136;-6;19.74;2
69;-0.17;-4.75;-0.17;-5;-140;-5;19.54;2
70;-0.17;-4.64;-0.24;-5;-137;-7;19.47;2
71;0.00;-4.78;-0.20;0;-141;-6;19.34;2
72;-0.20;-4.64;-0.17;-6;-137;-5;19.47;2
73;-0.07;-4.64;-0.20;-2;-137;-6;19.87;2
74;-0.10;-4.51;-0.17;-3;-133;-5;19.34;2
75;-0.10;-4.68;-0.10;-3;-138;-3;19.47;2
76;-0.07;-4.61;-0.20;-2;-136;-6;19.54;2
77;-0.10;-4.68;-0.17;-3;-138;-5;19.61;2
78;-0.07;-4.68;-0.10;-2;-138;-3;19.54;2
79;-0.10;-4.78;-0.20;-3;-141;-6;19.54;2
80;-0.24;-4.68;-0.17;-7;-138;-5;19.47;2
81;-0.07;-4.64;-0.17;-2;-137;-5;19.41;2
82;-0.24;-4.61;-0.17;-7;-136;-5;19.87;2
83;-0.20;-4.71;-0.07;-6;-139;-2;19.54;2
84;-0.10;-4.68;-0.20;-3;-138;-6;19.47;2
85;-0.03;-4.64;-0.24;-1;-137;-7;19.47;2
86;-0.07;-4.81;-0.24;-2;-142;-7;19.61;2
87;-0.20;-4.64;-0.27;-6;-137;-8;19.54;2
88;-0.27;-4.75;-0.14;-8;-140;-4;19.67;2
89;-0.14;-4.58;-0.10;-4;-135;-3;19.47;2
90;0.00;-4.61;-0.17;0;-136;-5;19.47;2
91;-0.27;-4.58;-0.20;-8;-135;-6;19.41;2
92;-0.20;-4.61;-0.24;-6;-136;-7;19.41;2
93;-0.14;-4.58;-0.17;-4;-135;-5;19.41;2
94;-0.14;-4.47;-0.24;-4;-132;-7;19.80;2
95;0.03;-4.61;-0.20;1;-136;-6;19.34;2
96;-0.07;-4.78;-0.17;-2;-141;-5;19.74;2
97;-0.03;-4.54;-0.20;-1;-134;-6;19.41;2
98;-0.07;-4.71;-0.17;-2;-139;-5;19.54;2
99;-0.17;-4.71;-0.14;-5;-139;-4;19.80;2
100;-0.10;-4.68;-0.10;-3;-138;-3;19.47;2
101;0.00;-4.58;-0.24;0;-135;-7;19.41;2
102;-0.10;-4.71;-0.10;-3;-139;-3;19.80;2
103;-0.07;-4.68;-0.17;-2;-138;-5;19.47;2
104;-0.10;-4.64;-0.17;-3;-137;-5;19.47;2
105;-0.31;-4.68;-0.14;-9;-138;-4;19.61;2
106;-0.17;-4.71;-0.24;-5;-139;-7;19.67;2
107;-0.14;-4.68;-0.17;-4;-138;-5;19.67;2
108;-0.17;-4.78;-0.24;-5;-141;-7;19.54;2
109;-0.03;-4.64;-0.20;-1;-137;-6;19.74;2
110;0.00;-4.64;-0.24;0;-137;-7;19.47;2
111;-0.17;-4.71;-0.20;-5;-139;-6;19.41;2
112;0.03;-4.61;-0.10;1;-136;-3;19.28;2
113;-0.20;-4.64;-0.17;-6;-137;-5;19.47;2
114;-0.14;-4.71;-0.17;-4;-139;-5;19.67;2
115;0.07;-4.64;-0.14;2;-137;-4;19.67;2
116;-0.10;-4.68;-0.37;-3;-138;-11;19.41;2
117;-0.07;-4.71;-0.24;-2;-139;-7;19.61;2
118;-0.17;-4.75;-0.17;-5;-140;-5;19.74;2
119;-0.20;-4.68;-0.10;-6;-138;-3;19.41;2
120;-0.17;-4.51;-0.17;-5;-133;-5;19.28;2
121;-0.07;-4.68;-0.17;-2;-138;-5;19.41;2
122;-0.14;-4.58;-0.20;-4;-135;-6;19.54;2
123;-0.27;-4.58;-0.24;-8;-135;-7;19.41;2
124;-0.17;-4.68;-0.17;-5;-138;-5;19.47;2
125;-0.20;-4.68;-0.10;-6;-138;-3;19.47;2
126;-0.07;-4.61;-0.31;-2;-136;-9;19.34;2
127;-0.24;-4.71;-0.14;-7;-139;-4;19.34;2
128;-0.03;-4.64;-0.20;-1;-137;-6;19.28;2
129;-0.10;-4.58;-0.24;-3;-135;-7;19.80;2
130;-0.17;-4.64;-0.10;-5;-137;-3;19.34;2
131;-0.14;-4.71;-0.24;-4;-139;-7;19.61;2
132;-0.03;-4.68;-0.20;-1;-138;-6;19.34;2
133;-0.20;-4.64;-0.14;-6;-137;-4;19.61;2
134;0.00;-4.61;-0.17;0;-136;-5;19.47;2
135;-0.20;-4.71;-0.10;-6;-139;-3;19.61;2
136;-0.07;-4.78;-0.20;-2;-141;-6;19.34;2
137;-0.20;-4.68;-0.20;-6;-138;-6;19.41;2
138;-0.10;-4.75;-0.27;-3;-140;-8;19.54;2
139;-0.20;-4.54;-0.17;-6;-134;-5;19.74;2
140;-0.24;-4.51;-0.24;-7;-133;-7;19.47;2
141;-0.10;-4.71;-0.17;-3;-139;-5;19.61;2
142;-0.17;-4.78;-0.24;-5;-141;-7;19.41;2
143;-0.10;-4.64;-0.20;-3;-137;-6;19.47;2
144;-0.17;-4.75;-0.20;-5;-140;-6;19.34;2
145;-0.17;-4.61;-0.17;-5;-136;-5;19.54;2
146;-0.03;-4.51;-0.20;-1;-133;-6;19.47;2
147;0.00;-4.61;-0.20;0;-136;-6;19.61;2
148;-0.03;-4.71;-0.20;-1;-139;-6;19.47;2
149;-0.10;-4.61;-0.20;-3;-136;-6;19.80;2
150;-0.24;-4.71;-0.17;-7;-139;-5;19.61;2
151;-0.07;-4.75;-0.27;-2;-140;-8;19.61;2
152;-0.07;-4.75;-0.24;-2;-140;-7;19.74;2
153;-0.07;-4.64;-0.24;-2;-137;-7;19.61;2
154;-0.14;-4.64;-0.10;-4;-137;-3;19.54;2
155;-0.17;-4.71;0.00;-5;-139;0;19.67;2
156;-0.27;-4.68;-0.17;-8;-138;-5;19.54;2
157;-0.20;-4.64;-0.10;-6;-137;-3;19.67;2
158;-0.14;-4.68;-0.17;-4;-138;-5;19.54;2
159;-0.14;-4.61;-0.27;-4;-136;-8;19.54;2
160;0.00;-4.68;-0.14;0;-138;-4;19.61;2
161;-0.34;-4.75;-0.20;-10;-140;-6;19.34;2
162;-0.07;-4.64;-0.20;-2;-137;-6;19.34;2
163;-0.10;-4.54;-0.17;-3;-134;-5;19.61;2
164;-0.07;-4.61;-0.10;-2;-136;-3;19.41;2
165;-0.14;-4.61;-0.20;-4;-136;-6;19.34;2
166;-0.24;-4.54;-0.20;-7;-134;-6;19.61;2
167;-0.03;-4.75;-0.20;-1;-140;-6;19.47;2
168;-0.17;-4.64;-0.20;-5;-137;-6;19.47;2
169;-0.10;-4.78;-0.17;-3;-141;-5;19.67;2
170;-0.07;-4.75;-0.17;-2;-140;-5;19.61;2
171;-0.17;-4.54;-0.20;-5;-134;-6;19.67;2
172;-0.07;-4.68;-0.24;-2;-138;-7;19.54;2
173;-0.03;-4.81;-0.20;-1;-142;-6;19.61;2
174;-0.10;-4.64;-0.20;-3;-137;-6;19.61;2
175;-0.10;-4.68;-0.20;-3;-138;-6;19.34;2
176;-0.03;-4.78;-0.20;-1;-141;-6;19.67;2
177;-0.14;-4.68;-0.24;-4;-138;-7;19.28;2
178;-0.10;-4.64;-0.10;-3;-137;-3;19.67;2
179;-0.07;-4.64;-0.17;-2;-137;-5;19.54;2
180;-0.17;-4.75;-0.17;-5;-140;-5;19.34;2
181;-0.10;-4.61;-0.20;-3;-136;-6;19.74;2
182;-0.03;-4.61;-0.20;-1;-136;-6;19.87;2
183;-0.20;-4.71;-0.20;-6;-139;-6;19.47;2
184;-0.07;-4.81;-0.17;-2;-142;-5;19.54;2
185;-0.03;-4.61;-0.14;-1;-136;-4;19.41;2
186;-0.27;-4.71;-0.17;-8;-139;-5;19.34;2
187;-0.17;-4.68;-0.24;-5;-138;-7;19.54;2
188;-0.07;-4.71;-0.17;-2;-139;-5;19.41;2
189;-0.10;-4.64;-0.17;-3;-137;-5;19.74;2
190;-0.07;-4.64;-0.20;-2;-137;-6;19.61;2
191;-0.14;-4.64;-0.17;-4;-137;-5;19.47;2
192;-0.10;-4.64;-0.20;-3;-137;-6;19.74;2
193;-0.07;-4.64;-0.24;-2;-137;-7;19.41;2
194;-0.20;-4.54;-0.20;-6;-134;-6;19.41;2
195;0.00;-4.71;-0.10;0;-139;-3;19.28;2
196;-0.31;-4.58;-0.24;-9;-135;-7;19.28;2
197;-0.17;-4.61;-0.27;-5;-136;-8;19.67;2
198;-0.07;-4.78;-0.10;-2;-141;-3;19.47;2
199;-0.14;-4.75;-0.20;-4;-140;-6;19.41;2
200;-0.07;-4.61;-0.20;-2;-136;-6;19.08;2
201;-0.14;-4.78;-0.24;-4;-141;-7;19.74;2
202;-0.24;-4.75;-0.20;-7;-140;-6;19.74;2
203;-0.10;-4.64;-0.24;-3;-137;-7;19.61;2
204;-0.10;-4.68;-0.20;-3;-138;-6;19.67;2
205;-0.07;-4.71;-0.20;-2;-139;-6;19.74;2
206;-0.17;-4.68;-0.20;-5;-138;-6;19.74;2
207;-0.14;-4.75;-0.24;-4;-140;-7;19.21;2
208;-0.20;-4.75;-0.20;-6;-140;-6;19.47;2
209;-0.07;-4.64;-0.24;-2;-137;-7;19.54;2
210;0.00;-4.68;-0.17;0;-138;-5;19.41;2
211;-0.07;-4.68;-0.20;-2;-138;-6;19.47;2
212;-0.20;-4.78;-0.20;-6;-141;-6;19.61;2
213;-0.20;-4.68;-0.20;-6;-138;-6;19.61;2
214;-0.10;-4.75;-0.14;-3;-140;-4;19.67;2
215;-0.03;-4.68;-0.20;-1;-138;-6;19.74;2
216;-0.03;-4.68;-0.20;-1;-138;-6;19.47;2
217;-0.10;-4.64;-0.20;-3;-137;-6;19.47;2
218;-0.07;-4.64;-0.17;-2;-137;-5;19.47;2
219;-0.07;-4.68;-0.17;-2;-138;-5;19.54;2
220;-0.14;-4.61;-0.20;-4;-136;-6;19.47;2
221;-0.27;-4.75;-0.14;-8;-140;-4;19.61;2
222;-0.07;-4.51;-0.24;-2;-133;-7;19.54;2
223;-0.10;-4.68;-0.27;-3;-138;-8;19.47;2
224;-0.14;-4.68;-0.14;-4;-138;-4;19.61;2
225;-0.03;-4.68;-0.14;-1;-138;-4;19.47;2
226;-0.10;-4.61;-0.17;-3;-136;-5;19.41;2
227;-0.07;-4.71;-0.17;-2;-139;-5;19.41;2
228;-0.24;-4.61;-0.24;-7;-136;-7;19.61;2
229;-0.20;-4.68;-0.14;-6;-138;-4;19.61;2
230;-0.17;-4.75;-0.20;-5;-140;-6;19.54;2
231;-0.24;-4.64;-0.17;-7;-137;-5;19.74;2
232;-0.17;-4.61;-0.24;-5;-136;-7;19.47;2
233;-0.27;-4.61;-0.17;-8;-136;-5;19.54;2
234;-0.20;-4.71;-0.24;-6;-139;-7;19.54;2
235;-0.10;-4.68;-0.17;-3;-138;-5;19.28;2
236;-0.03;-4.78;-0.24;-1;-141;-7;19.54;2
237;-0.14;-4.78;-0.20;-4;-141;-6;19.41;2
238;-0.17;-4.75;-0.17;-5;-140;-5;19.67;2
239;-0.14;-4.64;-0.20;-4;-137;-6;19.61;2
240;-0.17;-4.61;-0.24;-5;-136;-7;19.54;2
241;-0.24;-4.61;-0.14;-7;-136;-4;19.54;2
242;-0.14;-4.51;-0.17;-4;-133;-5;19.34;2
243;-0.24;-4.75;-0.20;-7;-140;-6;19.54;2
244;-0.17;-4.75;-0.17;-5;-140;-5;19.28;2
245;-0.14;-4.51;-0.24;-4;-133;-7;19.34;2
246;-0.20;-4.54;-0.20;-6;-134;-6;19.47;2
247;-0.14;-4.68;-0.24;-4;-138;-7;19.67;2
248;-0.20;-4.61;-0.17;-6;-136;-5;19.61;2
249;-0.10;-4.68;-0.20;-3;-138;-6;19.54;2
250;-0.24;-4.68;-0.24;-7;-138;-7;19.28;2
251;-0.17;-4.68;-0.20;-5;-138;-6;19.54;2
252;0.00;-4.75;-0.24;0;-140;-7;19.54;2
253;-0.14;-4.54;-0.10;-4;-134;-3;19.61;2
254;-0.24;-4.64;-0.20;-7;-137;-6;19.54;2
255;-0.20;-4.58;-0.20;-6;-135;-6;19.80;2
256;-0.07;-4.64;-0.20;-2;-137;-6;19.54;2
257;-0.07;-4.75;-0.14;-2;-140;-4;19.41;2
258;-0.17;-4.75;-0.17;-5;-140;-5;19.41;2
259;-0.24;-4.61;-0.20;-7;-136;-6;19.47;2
260;-0.10;-4.81;-0.17;-3;-142;-5;19.54;2
261;-0.14;-4.68;-0.24;-4;-138;-7;19.80;2
262;0.00;-4.61;-0.20;0;-136;-6;19.54;2
263;-0.17;-4.61;-0.17;-5;-136;-5;19.54;2
264;-0.07;-4.64;-0.17;-2;-137;-5;19.74;2
265;-0.27;-4.71;-0.24;-8;-139;-7;19.54;2
266;-0.14;-4.58;-0.24;-4;-135;-7;19.54;2
267;-0.03;-4.71;-0.20;-1;-139;-6;19.80;2
268;-0.10;-4.54;-0.14;-3;-134;-4;19.34;2
269;-0.17;-4.75;-0.20;-5;-140;-6;19.61;2
270;-0.14;-4.51;-0.14;-4;-133;-4;19.54;2
271;-0.10;-4.61;-0.20;-3;-136;-6;19.54;2
272;-0.03;-4.68;-0.24;-1;-138;-7;19.67;2
273;-0.20;-4.75;-0.17;-6;-140;-5;19.41;2
274;-0.03;-4.68;-0.20;-1;-138;-6;19.41;2
275;-0.10;-4.68;-0.14;-3;-138;-4;19.34;2
276;-0.17;-4.78;-0.20;-5;-141;-6;19.74;2
277;-0.14;-4.61;-0.20;-4;-136;-6;19.74;2
278;-0.10;-4.71;-0.20;-3;-139;-6;19.54;2
279;-0.20;-4.61;-0.20;-6;-136;-6;19.47;2
280;-0.10;-4.75;-0.24;-3;-140;-7;19.67;2
281;-0.17;-4.61;-0.17;-5;-136;-5;19.47;2
282;-0.17;-4.71;-0.17;-5;-139;-5;19.47;2
283;-0.20;-4.75;-0.20;-6;-140;-6;19.41;2
284;-0.10;-4.54;-0.27;-3;-134;-8;19.47;2
285;-0.10;-4.64;-0.20;-3;-137;-6;19.47;2
286;-0.14;-4.68;-0.17;-4;-138;-5;19.61;2
287;-0.20;-4.58;-0.20;-6;-135;-6;19.67;2
288;-0.10;-4.64;-0.14;-3;-137;-4;19.28;2
289;-0.10;-4.68;-0.24;-3;-138;-7;19.47;2
290;-0.03;-4.58;-0.20;-1;-135;-6;19.54;2
291;-0.10;-4.64;-0.17;-3;-137;-5;19.47;2
292;-0.07;-4.58;-0.17;-2;-135;-5;19.54;2
293;-0.03;-4.61;-0.14;-1;-136;-4;19.54;2
294;-0.10;-4.71;-0.20;-3;-139;-6;19.54;2
295;-0.20;-4.78;-0.17;-6;-141;-5;19.54;2
296;-0.03;-4.64;-0.24;-1;-137;-7;19.54;2
297;-0.03;-4.78;-0.24;-1;-141;-7;19.34;2
298;-0.10;-4.61;-0.20;-3;-136;-6;19.74;2
299;-0.10;-4.71;-0.17;-3;-139;-5;19.47;2
300;-0.07;-4.64;-0.17;-2;-137;-5;19.74;2
301;-0.17;-4.58;-0.20;-5;-135;-6;19.54;2
302;-0.10;-4.75;-0.10;-3;-140;-3;19.54;2
303;-0.14;-4.68;-0.10;-4;-138;-3;19.47;2
304;-0.07;-4.71;-0.10;-2;-139;-3;19.61;2
305;0.00;-4.64;-0.07;0;-137;-2;19.14;2
306;-0.10;-4.61;-0.24;-3;-136;-7;19.14;2
307;-0.20;-4.71;-0.17;-6;-139;-5;19.74;2
308;-0.07;-4.61;-0.17;-2;-136;-5;19.14;2
309;0.07;-4.64;-0.10;2;-137;-3;19.54;2
310;-0.24;-4.64;-0.27;-7;-137;-8;19.47;2
311;-0.10;-4.68;-0.14;-3;-138;-4;19.34;2
312;-0.14;-4.68;-0.20;-4;-138;-6;19.47;2
313;-0.03;-4.75;-0.20;-1;-140;-6;19.47;2
314;-0.17;-4.61;-0.17;-5;-136;-5;19.47;2
315;-0.14;-4.68;-0.10;-4;-138;-3;19.41;2
316;-0.17;-4.78;-0.14;-5;-141;-4;19.61;2
317;-0.20;-4.71;-0.20;-6;-139;-6;19.41;2
318;-0.14;-4.78;-0.17;-4;-141;-5;19.61;2
319;-0.07;-4.68;-0.20;-2;-138;-6;19.47;2
320;-0.27;-4.68;-0.20;-8;-138;-6;19.47;2
321;-0.10;-4.58;-0.14;-3;-135;-4;19.21;2
322;0.17;-4.85;-0.17;5;-143;-5;19.54;2
323;-0.14;-4.64;-0.17;-4;-137;-5;19.80;2
324;-0.17;-4.64;-0.10;-5;-137;-3;19.41;2
325;0.00;-4.68;-0.24;0;-138;-7;19.67;2
326;-0.14;-4.75;-0.24;-4;-140;-7;19.47;2
327;0.00;-4.64;-0.17;0;-137;-5;19.61;2
328;-0.14;-4.68;-0.20;-4;-138;-6;19.54;2
329;-0.10;-4.64;-0.20;-3;-137;-6;19.41;2
330;-0.24;-4.61;-0.24;-7;-136;-7;19.47;2
331;-0.37;-4.75;-0.20;-11;-140;-6;19.61;2
332;0.00;-4.54;-0.17;0;-134;-5;19.61;2
333;-0.07;-4.68;-0.17;-2;-138;-5;19.41;2
334;-0.10;-4.64;-0.20;-3;-137;-6;19.41;2
335;-0.17;-4.54;-0.20;-5;-134;-6;19.41;2
336;-0.07;-4.64;-0.24;-2;-137;-7;19.41;2
337;-0.31;-4.68;-0.17;-9;-138;-5;19.47;2
338;-0.10;-4.54;-0.17;-3;-134;-5;19.61;2
339;-0.27;-4.64;-0.20;-8;-137;-6;19.28;2
340;-0.10;-4.64;-0.10;-3;-137;-3;19.47;2
341;-0.03;-4.75;-0.17;-1;-140;-5;19.87;2
342;-0.14;-4.58;-0.10;-4;-135;-3;19.54;2
343;-0.14;-4.71;-0.17;-4;-139;-5;19.34;2
344;-0.10;-4.68;-0.27;-3;-138;-8;19.41;2
345;-0.03;-4.71;-0.24;-1;-139;-7;19.47;2
346;-0.07;-4.61;-0.14;-2;-136;-4;19.28;2
347;-0.03;-4.71;-0.24;-1;-139;-7;19.47;2
348;-0.20;-4.75;-0.20;-6;-140;-6;19.87;2
349;-0.17;-4.68;-0.20;-5;-138;-6;19.41;2
350;0.03;-4.75;-0.17;1;-140;-5;19.74;2
351;-0.10;-4.54;-0.14;-3;-134;-4;19.08;2
352;-0.03;-4.71;-0.24;-1;-139;-7;19.61;2
353;-0.27;-4.64;-0.20;-8;-137;-6;19.54;2
354;0.00;-4.64;-0.20;0;-137;-6;19.67;2
355;-0.20;-4.71;-0.17;-6;-139;-5;19.67;2
356;-0.20;-4.64;-0.24;-6;-137;-7;19.47;2
357;-0.14;-4.68;-0.10;-4;-138;-3;19.61;2
358;-0.10;-4.64;-0.24;-3;-137;-7;19.54;2
359;-0.03;-4.61;-0.24;-1;-136;-7;19.54;2
360;-0.03;-4.68;-0.24;-1;-138;-7;19.54;2
361;0.00;-4.54;-0.20;0;-134;-6;19.41;2
362;-0.17;-4.64;-0.10;-5;-137;-3;19.41;2
363;-0.17;-4.71;-0.17;-5;-139;-5;19.47;2
364;-0.10;-4.75;-0.17;-3;-140;-5;19.41;2
365;-0.37;-4.58;-0.20;-11;-135;-6;19.47;2
366;-0.14;-4.61;-0.20;-4;-136;-6;19.54;2
367;-0.10;-4.75;-0.17;-3;-140;-5;19.41;2
368;-0.10;-4.61;-0.17;-3;-136;-5;19.41;2
369;-0.20;-4.78;-0.10;-6;-141;-3;19.67;2
370;-0.07;-4.61;-0.14;-2;-136;-4;19.67;2
371;0.10;-4.75;-0.10;3;-140;-3;19.47;2
372;-0.14;-4.68;-0.24;-4;-138;-7;19.34;2
373;-0.10;-4.58;-0.17;-3;-135;-5;19.61;2
374;-0.27;-4.71;-0.20;-8;-139;-6;19.47;2
375;-0.07;-4.58;-0.17;-2;-135;-5;19.47;2
376;0.00;-4.71;-0.20;0;-139;-6;19.61;2
377;-0.14;-4.58;-0.14;-4;-135;-4;19.41;2
378;-0.20;-4.64;-0.27;-6;-137;-8;19.54;2
379;-0.14;-4.68;-0.20;-4;-138;-6;19.41;2
380;-0.14;-4.68;-0.20;-4;-138;-6;19.34;2
381;0.07;-4.71;-0.10;2;-139;-3;19.67;2
382;-0.03;-4.58;-0.20;-1;-135;-6;19.54;2
383;-0.20;-4.68;-0.14;-6;-138;-4;19.67;2
384;-0.20;-4.64;-0.17;-6;-137;-5;19.61;2
385;-0.03;-4.75;-0.27;-1;-140;-8;19.61;2
386;-0.14;-4.78;-0.14;-4;-141;-4;19.74;2
387;-0.07;-4.54;-0.14;-2;-134;-4;19.61;2
388;-0.17;-4.75;-0.10;-5;-140;-3;19.61;2
389;0.07;-4.71;-0.17;2;-139;-5;19.67;2
390;-0.14;-4.68;-0.20;-4;-138;-6;19.34;2
391;-0.07;-4.64;-0.20;-2;-137;-6;19.54;2
392;-0.10;-4.68;-0.20;-3;-138;-6;19.80;2
393;-0.03;-4.64;-0.24;-1;-137;-7;19.67;2
394;-0.10;-4.64;-0.10;-3;-137;-3;19.74;2
395;-0.14;-4.64;-0.17;-4;-137;-5;19.54;2
396;-0.17;-4.64;-0.14;-5;-137;-4;19.61;2
397;-0.14;-4.68;-0.10;-4;-138;-3;19.67;2
398;-0.17;-4.64;-0.07;-5;-137;-2;19.47;2
399;-0.17;-4.58;-0.17;-5;-135;-5;19.41;2
400;-0.14;-4.71;-0.17;-4;-139;-5;19.54;2
401;0.00;-4.75;-0.20;0;-140;-6;19.67;2
402;-0.10;-4.64;-0.24;-3;-137;-7;19.28;2
403;-0.24;-4.71;-0.34;-7;-139;-10;19.61;2
404;-0.03;-4.61;-0.24;-1;-136;-7;19.47;2
405;-0.14;-4.75;-0.10;-4;-140;-3;19.54;2
406;-0.24;-4.64;-0.20;-7;-137;-6;19.47;2
407;0.00;-4.61;-0.20;0;-136;-6;19.28;2
408;-0.07;-4.64;-0.20;-2;-137;-6;19.74;2
409;-0.07;-4.64;-0.20;-2;-137;-6;19.28;2
410;-0.17;-4.54;-0.14;-5;-134;-4;19.41;2
411;-0.17;-4.61;-0.24;-5;-136;-7;19.41;2
412;0.00;-4.68;-0.14;0;-138;-4;19.74;2
413;-0.24;-4.68;-0.14;-7;-138;-4;19.41;2
414;0.03;-4.51;-0.14;1;-133;-4;19.34;2
415;-0.10;-4.71;-0.20;-3;-139;-6;19.41;2
416;-0.07;-4.58;-0.17;-2;-135;-5;19.61;2
417;-0.14;-4.68;-0.24;-4;-138;-7;20.00;2
418;0.00;-4.71;-0.17;0;-139;-5;19.47;2
419;-0.10;-4.61;-0.17;-3;-136;-5;19.41;2
420;-0.17;-4.64;-0.17;-5;-137;-5;19.34;2
421;-0.17;-4.68;-0.27;-5;-138;-8;19.41;2
422;-0.17;-4.58;-0.27;-5;-135;-8;19.54;2
423;-0.24;-4.64;-0.20;-7;-137;-6;19.54;2
424;-0.17;-4.68;-0.20;-5;-138;-6;19.54;2
425;-0.07;-4.81;-0.17;-2;-142;-5;19.61;2
426;-0.14;-4.81;-0.17;-4;-142;-5;19.28;2
427;-0.17;-4.58;-0.24;-5;-135;-7;19.54;2
428;-0.20;-4.81;-0.14;-6;-142;-4;19.74;2
429;-0.03;-4.68;-0.20;-1;-138;-6;19.67;2
430;0.00;-4.51;-0.27;0;-133;-8;19.41;2
431;-0.03;-4.71;-0.20;-1;-139;-6;19.41;2
432;-0.03;-4.47;-0.31;-1;-132;-9;19.41;2
433;-0.10;-4.75;-0.10;-3;-140;-3;19.61;2
434;-0.24;-4.61;-0.17;-7;-136;-5;19.54;2
435;-0.07;-4.75;-0.17;-2;-140;-5;19.34;2
436;-0.20;-4.64;-0.20;-6;-137;-6;19.67;2
437;-0.14;-4.64;-0.17;-4;-137;-5;19.54;2
438;-0.24;-4.75;-0.20;-7;-140;-6;19.41;2
439;-0.03;-4.75;-0.27;-1;-140;-8;19.41;2
440;-0.07;-4.68;-0.27;-2;-138;-8;19.41;2
441;-0.07;-4.81;-0.24;-2;-142;-7;19.61;2
442;-0.07;-4.71;-0.24;-2;-139;-7;19.47;2
443;-0.17;-4.68;-0.24;-5;-138;-7;19.54;2
444;-0.14;-4.71;-0.20;-4;-139;-6;19.47;2
445;-0.17;-4.71;-0.10;-5;-139;-3;19.74;2
446;-0.10;-4.61;-0.17;-3;-136;-5;19.61;2
447;-0.10;-4.75;-0.20;-3;-140;-6;19.54;2
448;-0.20;-4.58;-0.07;-6;-135;-2;19.54;2
449;-0.17;-4.54;-0.17;-5;-134;-5;19.28;2
450;-0.10;-4.71;-0.14;-3;-139;-4;19.54;2
451;-0.03;-4.61;-0.20;-1;-136;-6;19.34;2
452;-0.07;-4.71;-0.14;-2;-139;-4;19.74;2
453;-0.10;-4.68;-0.07;-3;-138;-2;19.61;2
454;-0.24;-4.64;-0.17;-7;-137;-5;19.54;2
455;-0.17;-4.64;-0.14;-5;-137;-4;19.47;2
456;0.00;-4.64;-0.24;0;-137;-7;19.34;2
457;-0.10;-4.58;-0.14;-3;-135;-4;19.80;2
458;-0.14;-4.81;-0.14;-4;-142;-4;19.47;2
459;-0.07;-4.71;-0.17;-2;-139;-5;19.74;2
460;-0.07;-4.71;-0.20;-2;-139;-6;19.54;2
461;-0.14;-4.64;-0.10;-4;-137;-3;19.61;2
462;0.00;-4.71;-0.10;0;-139;-3;19.61;2
463;-0.03;-4.75;-0.24;-1;-140;-7;19.34;2
464;-0.10;-4.64;-0.17;-3;-137;-5;19.47;2
465;-0.17;-4.61;-0.14;-5;-136;-4;19.61;2
466;-0.07;-4.75;-0.20;-2;-140;-6;19.54;2
467;-0.17;-4.58;-0.17;-5;-135;-5;19.41;2
468;-0.07;-4.75;-0.20;-2;-140;-6;19.61;2
469;-0.07;-4.58;-0.20;-2;-135;-6;19.47;2
470;-0.17;-4.64;-0.14;-5;-137;-4;19.47;2
471;-0.10;-4.71;-0.17;-3;-139;-5;19.61;2
472;-0.24;-4.75;-0.34;-7;-140;-10;19.54;2
473;-0.24;-4.71;-0.20;-7;-139;-6;19.28;2
474;-0.07;-4.54;-0.17;-2;-134;-5;19.61;2
475;-0.10;-4.68;-0.14;-3;-138;-4;19.67;2
476;-0.10;-4.61;-0.20;-3;-136;-6;19.54;2
477;-0.10;-4.71;-0.27;-3;-139;-8;19.61;2
478;-0.07;-4.68;-0.24;-2;-138;-7;19.41;2
479;-0.17;-4.64;-0.20;-5;-137;-6;19.54;2
480;-0.14;-4.78;-0.14;-4;-141;-4;19.54;2
481;-0.10;-4.61;-0.17;-3;-136;-5;19.61;2
482;-0.20;-4.61;-0.24;-6;-136;-7;19.47;2
483;-0.03;-4.64;-0.17;-1;-137;-5;19.61;2
484;-0.17;-4.61;-0.10;-5;-136;-3;19.61;2
485;-0.10;-4.75;-0.20;-3;-140;-6;19.61;2
486;-0.07;-4.64;-0.14;-2;-137;-4;19.67;2
487;-0.20;-4.64;-0.24;-6;-137;-7;19.61;2
488;0.00;-4.64;-0.17;0;-137;-5;19.47;2
489;-0.07;-4.61;-0.20;-2;-136;-6;19.47;2
490;-0.03;-4.68;-0.10;-1;-138;-3;19.61;2
491;-0.24;-4.71;-0.14;-7;-139;-4;19.54;2
492;-0.14;-4.75;-0.20;-4;-140;-6;19.41;2
493;-0.17;-4.71;-0.17;-5;-139;-5;19.41;2
494;-0.17;-4.68;-0.17;-5;-138;-5;19.47;2
495;-0.20;-4.81;-0.20;-6;-142;-6;19.67;2
496;-0.10;-4.81;-0.20;-3;-142;-6;19.61;2
497;-0.14;-4.61;-0.24;-4;-136;-7;19.67;2
498;-0.20;-4.78;-0.10;-6;-141;-3;19.01;2
499;-0.17;-4.54;-0.14;-5;-134;-4;19.41;2
500;-0.20;-4.81;-0.20;-6;-142;-6;19.54;2
501;-0.24;-4.54;-0.17;-7;-134;-5;19.54;2
502;0.00;-4.68;-0.20;0;-138;-6;19.54;2
503;0.00;-4.58;-0.20;0;-135;-6;19.93;2
504;-0.10;-4.44;-0.07;-3;-131;-2;19.54;2
505;-0.10;-4.75;-0.17;-3;-140;-5;19.54;2
506;-0.14;-4.71;-0.17;-4;-139;-5;19.54;2
507;-0.10;-4.68;-0.20;-3;-138;-6;19.61;2
508;-0.17;-4.64;-0.17;-5;-137;-5;19.61;2
509;-0.14;-4.61;-0.20;-4;-136;-6;19.34;2
510;-0.07;-4.71;-0.17;-2;-139;-5;19.80;2
511;-0.14;-4.58;-0.14;-4;-135;-4;19.61;2
512;-0.17;-4.61;-0.20;-5;-136;-6;19.41;2
513;-0.10;-4.71;-0.17;-3;-139;-5;19.41;2
514;-0.03;-4.68;-0.17;-1;-138;-5;19.67;2
515;-0.07;-4.61;-0.17;-2;-136;-5;19.34;2
516;-0.17;-4.64;-0.17;-5;-137;-5;19.74;2
517;-0.07;-4.68;-0.24;-2;-138;-7;19.61;2
518;-0.10;-4.71;-0.10;-3;-139;-3;19.41;2
519;-0.24;-4.71;-0.17;-7;-139;-5;19.34;2
520;-0.20;-4.64;-0.20;-6;-137;-6;19.61;2
521;-0.17;-4.68;-0.27;-5;-138;-8;19.67;2
522;-0.10;-4.54;-0.17;-3;-134;-5;19.41;2
523;-0.10;-4.58;-0.17;-3;-135;-5;19.61;2
524;-0.20;-4.54;-0.17;-6;-134;-5;19.47;2
525;-0.03;-4.71;-0.20;-1;-139;-6;19.61;2
526;-0.17;-4.68;-0.20;-5;-138;-6;19.74;2
527;-0.24;-4.71;-0.20;-7;-139;-6;19.47;2
528;-0.20;-4.88;-0.17;-6;-144;-5;19.61;2
529;-0.10;-4.64;-0.14;-3;-137;-4;19.61;2
530;-0.10;-4.71;-0.20;-3;-139;-6;19.34;2
531;-0.20;-4.68;-0.17;-6;-138;-5;19.34;2
532;-0.14;-4.71;-0.24;-4;-139;-7;19.54;2
533;-0.14;-4.81;-0.20;-4;-142;-6;19.47;2
534;0.00;-4.68;-0.17;0;-138;-5;19.54;2
535;-0.10;-4.68;-0.17;-3;-138;-5;19.67;2
536;0.03;-4.68;-0.10;1;-138;-3;19.54;2
537;-0.14;-4.68;-0.20;-4;-138;-6;19.67;2
538;-0.07;-4.58;-0.27;-2;-135;-8;19.47;2
539;-0.10;-4.58;-0.14;-3;-135;-4;19.41;2
540;-0.20;-4.68;-0.17;-6;-138;-5;19.74;2
541;-0.10;-4.85;-0.20;-3;-143;-6;19.47;2
542;-0.07;-4.64;-0.20;-2;-137;-6;19.61;2
543;-0.10;-4.71;-0.17;-3;-139;-5;19.41;2
544;-0.20;-4.61;-0.20;-6;-136;-6;19.28;2
545;-0.14;-4.61;-0.20;-4;-136;-6;19.61;2
546;-0.07;-4.68;-0.10;-2;-138;-3;19.54;2
547;-0.20;-4.68;-0.14;-6;-138;-4;19.67;2
548;-0.07;-4.75;-0.20;-2;-140;-6;19.41;2
549;-0.10;-4.71;-0.17;-3;-139;-5;19.54;2
550;-0.14;-4.71;-0.10;-4;-139;-3;19.47;2
551;-0.07;-4.71;-0.17;-2;-139;-5;19.74;2
552;-0.14;-4.71;-0.17;-4;-139;-5;19.61;2
553;0.14;-4.54;-0.20;4;-134;-6;19.67;2
554;-0.17;-4.64;-0.20;-5;-137;-6;19.80;2
555;-0.14;-4.64;-0.17;-4;-137;-5;19.74;2
556;-0.20;-4.61;-0.17;-6;-136;-5;19.41;2
557;-0.20;-4.68;-0.24;-6;-138;-7;19.47;2
558;-0.14;-4.78;-0.24;-4;-141;-7;19.34;2
559;-0.17;-4.71;-0.14;-5;-139;-4;19.61;2
560;-0.07;-4.71;-0.27;-2;-139;-8;19.74;2
561;-0.17;-4.64;-0.17;-5;-137;-5;19.47;2
562;-0.14;-4.68;-0.17;-4;-138;-5;19.67;2
563;-0.07;-4.71;-0.20;-2;-139;-6;19.41;2
564;-0.14;-4.68;-0.14;-4;-138;-4;19.41;2
565;-0.03;-4.61;-0.10;-1;-136;-3;19.47;2
566;-0.03;-4.54;-0.17;-1;-134;-5;19.54;2
567;-0.14;-4.58;-0.17;-4;-135;-5;19.54;2
568;0.00;-4.64;-0.20;0;-137;-6;19.34;2
569;-0.20;-4.61;-0.17;-6;-136;-5;19.34;2
570;-0.20;-4.64;-0.20;-6;-137;-6;19.54;2
571;-0.10;-4.75;-0.24;-3;-140;-7;19.61;2
572;-0.10;-4.61;-0.20;-3;-136;-6;19.54;2
573;-0.10;-4.71;-0.14;-3;-139;-4;19.61;2
574;-0.17;-4.75;-0.24;-5;-140;-7;19.54;2
575;-0.24;-4.71;-0.24;-7;-139;-7;19.61;2
576;-0.17;-4.71;-0.20;-5;-139;-6;19.54;2
577;-0.14;-4.61;-0.14;-4;-136;-4;19.54;2
578;-0.14;-4.64;-0.10;-4;-137;-3;19.41;2
579;-0.10;-4.64;-0.17;-3;-137;-5;19.54;2
580;-0.24;-4.64;-0.24;-7;-137;-7;19.67;2
581;0.03;-4.75;-0.20;1;-140;-6;19.61;2
582;-0.07;-4.61;-0.17;-2;-136;-5;19.61;2
583;0.00;-4.75;-0.20;0;-140;-6;19.61;2
584;-0.17;-4.75;-0.24;-5;-140;-7;19.34;2
585;-0.17;-4.78;-0.03;-5;-141;-1;19.41;2
586;-0.14;-4.68;-0.17;-4;-138;-5;19.61;2
587;-0.17;-4.61;-0.14;-5;-136;-4;19.67;2
588;-0.03;-4.64;-0.24;-1;-137;-7;19.61;2
589;-0.10;-4.75;-0.20;-3;-140;-6;19.34;2
590;-0.07;-4.64;-0.20;-2;-137;-6;19.41;2
591;-0.10;-4.71;-0.07;-3;-139;-2;19.61;2
592;-0.17;-4.71;-0.17;-5;-139;-5;19.54;2
593;-0.14;-4.54;-0.20;-4;-134;-6;19.74;2
594;0.00;-4.71;-0.24;0;-139;-7;19.41;2
595;-0.14;-4.64;-0.20;-4;-137;-6;19.47;2
596;-0.10;-4.68;-0.14;-3;-138;-4;19.47;2
597;-0.17;-4.64;-0.24;-5;-137;-7;19.47;2
598;-0.24;-4.68;-0.20;-7;-138;-6;19.54;2
599;-0.03;-4.58;-0.20;-1;-135;-6;19.47;2
600;-0.10;-4.64;-0.20;-3;-137;-6;19.67;2
601;-0.03;-4.64;-0.10;-1;-137;-3;19.67;2
602;0.00;-4.64;-0.17;0;-137;-5;19.54;2
603;-0.10;-4.51;-0.20;-3;-133;-6;19.47;2
604;-0.20;-4.58;-0.14;-6;-135;-4;19.54;2
605;0.00;-4.61;-0.10;0;-136;-3;19.54;2
606;-0.17;-4.71;-0.10;-5;-139;-3;19.47;2
607;0.03;-4.68;-0.17;1;-138;-5;19.34;2
608;-0.14;-4.81;-0.17;-4;-142;-5;19.47;2
609;0.03;-4.64;-0.34;1;-137;-10;19.47;2
610;0.00;-4.58;-0.24;0;-135;-7;19.34;2
611;-0.14;-4.54;-0.17;-4;-134;-5;19.61;2
612;0.00;-4.68;-0.27;0;-138;-8;19.41;2
613;-0.10;-4.54;-0.20;-3;-134;-6;19.74;2
614;-0.17;-4.71;-0.24;-5;-139;-7;19.47;2
615;-0.07;-4.71;-0.24;-2;-139;-7;19.41;2
616;-0.20;-4.71;-0.27;-6;-139;-8;19.41;2
617;-0.07;-4.58;-0.20;-2;-135;-6;19.67;2
618;-0.03;-4.68;-0.14;-1;-138;-4;19.47;2
619;-0.07;-4.51;-0.24;-2;-133;-7;19.61;2
620;-0.17;-4.68;-0.10;-5;-138;-3;19.34;2
621;-0.10;-4.61;-0.24;-3;-136;-7;19.61;2
622;-0.17;-4.64;-0.24;-5;-137;-7;19.61;2
623;-0.24;-4.71;-0.17;-7;-139;-5;19.54;2
624;-0.14;-4.75;-0.24;-4;-140;-7;19.54;2
625;-0.14;-4.58;-0.17;-4;-135;-5;19.47;2
626;-0.10;-4.75;-0.24;-3;-140;-7;19.74;2
627;-0.20;-4.71;-0.14;-6;-139;-4;19.61;2
628;-0.24;-4.68;-0.20;-7;-138;-6;19.54;2
629;-0.20;-4.64;-0.10;-6;-137;-3;19.54;2
630;-0.14;-4.58;-0.20;-4;-135;-6;19.47;2
631;-0.14;-4.68;-0.20;-4;-138;-6;19.74;2
632;0.00;-4.78;-0.10;0;-141;-3;19.54;2
633;0.03;-4.64;-0.27;1;-137;-8;19.61;2
634;-0.17;-4.61;-0.20;-5;-136;-6;19.21;2
635;-0.10;-4.64;-0.20;-3;-137;-6;19.54;2
636;-0.17;-4.64;-0.20;-5;-137;-6;19.21;2
637;-0.14;-4.71;-0.17;-4;-139;-5;19.47;2
638;-0.17;-4.64;-0.10;-5;-137;-3;19.61;2
639;-0.24;-4.61;-0.20;-7;-136;-6;19.67;2
640;-0.24;-4.68;-0.24;-7;-138;-7;19.41;2
641;-0.07;-4.47;-0.20;-2;-132;-6;19.87;2
642;-0.17;-4.68;-0.20;-5;-138;-6;19.61;2
643;-0.07;-4.64;-0.10;-2;-137;-3;19.61;2
644;-0.14;-4.68;-0.24;-4;-138;-7;19.34;2
645;0.10;-4.78;-0.24;3;-141;-7;19.41;2
646;-0.10;-4.58;-0.14;-3;-135;-4;19.54;2
647;-0.10;-4.64;-0.24;-3;-137;-7;19.54;2
648;-0.10;-4.71;-0.20;-3;-139;-6;19.54;2
649;-0.03;-4.54;-0.31;-1;-134;-9;19.47;2
650;-0.03;-4.68;-0.17;-1;-138;-5;19.34;2
651;-0.20;-4.85;-0.17;-6;-143;-5;19.34;2
652;-0.10;-4.64;-0.10;-3;-137;-3;19.67;2
653;-0.14;-4.58;-0.24;-4;-135;-7;19.34;2
654;-0.07;-4.71;-0.20;-2;-139;-6;19.41;2
655;-0.03;-4.54;-0.20;-1;-134;-6;19.41;2
656;-0.14;-4.71;-0.24;-4;-139;-7;19.47;2
657;-0.17;-4.47;-0.20;-5;-132;-6;19.74;2
658;-0.14;-4.71;-0.24;-4;-139;-7;19.28;2
659;-0.10;-4.58;-0.14;-3;-135;-4;19.61;2
660;-0.24;-4.64;-0.17;-7;-137;-5;19.67;2
661;-0.17;-4.64;-0.17;-5;-137;-5;19.34;2
662;-0.27;-4.71;-0.14;-8;-139;-4;19.54;2
663;-0.17;-4.68;-0.17;-5;-138;-5;19.74;2
664;-0.14;-4.71;-0.17;-4;-139;-5;19.80;2
665;0.00;-4.61;-0.20;0;-136;-6;19.61;2
666;-0.10;-4.51;-0.20;-3;-133;-6;19.61;2
667;-0.14;-4.85;-0.14;-4;-143;-4;19.54;2
668;0.03;-4.54;-0.17;1;-134;-5;19.61;2
669;-0.14;-4.78;-0.14;-4;-141;-4;19.74;2
670;-0.24;-4.61;-0.14;-7;-136;-4;19.54;2
671;-0.20;-4.75;-0.17;-6;-140;-5;19.54;2
672;-0.20;-4.78;-0.14;-6;-141;-4;19.54;2
673;-0.31;-4.64;-0.20;-9;-137;-6;19.41;2
674;0.03;-4.58;-0.14;1;-135;-4;19.61;2
675;-0.03;-4.75;-0.14;-1;-140;-4;19.54;2
676;-0.10;-4.68;-0.24;-3;-138;-7;19.74;2
677;-0.14;-4.75;-0.20;-4;-140;-6;19.54;2
678;-0.07;-4.58;-0.20;-2;-135;-6;19.54;2
679;-0.03;-4.68;-0.24;-1;-138;-7;19.61;2
680;-0.07;-4.58;-0.20;-2;-135;-6;19.54;2
681;-0.07;-4.68;-0.20;-2;-138;-6;19.41;2
682;-0.03;-4.64;-0.20;-1;-137;-6;19.47;2
683;-0.07;-4.81;-0.20;-2;-142;-6;19.54;2
684;-0.24;-4.64;-0.17;-7;-137;-5;19.41;2
685;-0.14;-4.64;-0.20;-4;-137;-6;19.54;2
686;-0.10;-4.68;-0.20;-3;-138;-6;19.21;2
687;-0.03;-4.61;-0.24;-1;-136;-7;19.54;2
688;-0.17;-4.71;-0.24;-5;-139;-7;19.54;2
689;-0.14;-4.78;-0.17;-4;-141;-5;19.61;2
690;-0.07;-4.68;-0.24;-2;-138;-7;19.47;2
691;-0.10;-4.61;-0.24;-3;-136;-7;19.41;2
692;-0.07;-4.75;-0.17;-2;-140;-5;19.54;2
693;0.03;-4.58;-0.20;1;-135;-6;19.41;2
694;-0.14;-4.75;-0.20;-4;-140;-6;19.34;2
695;-0.10;-4.58;-0.20;-3;-135;-6;19.54;2
696;-0.17;-4.81;-0.17;-5;-142;-5;19.34;2
697;-0.17;-4.58;-0.20;-5;-135;-6;19.41;2
698;-0.10;-4.54;-0.10;-3;-134;-3;19.41;2
699;-0.17;-4.64;-0.24;-5;-137;-7;19.34;2
700;-0.10;-4.64;-0.10;-3;-137;-3;19.54;2
701;-0.24;-4.78;-0.20;-7;-141;-6;19.47;2
702;-0.20;-4.58;-0.24;-6;-135;-7;19.54;2
703;-0.03;-4.58;-0.20;-1;-135;-6;19.34;2
704;-0.14;-4.58;-0.27;-4;-135;-8;19.54;2
705;0.00;-4.71;-0.14;0;-139;-4;19.41;2
706;-0.17;-4.58;-0.10;-5;-135;-3;19.80;2
707;-0.17;-4.64;-0.24;-5;-137;-7;19.54;2
708;-0.27;-4.75;-0.20;-8;-140;-6;19.61;2
709;0.03;-4.75;-0.10;1;-140;-3;19.61;2
710;-0.17;-4.54;-0.17;-5;-134;-5;19.67;2
711;-0.07;-4.64;-0.20;-2;-137;-6;19.34;2
712;0.03;-4.71;-0.20;1;-139;-6;19.74;2
713;-0.07;-4.64;-0.17;-2;-137;-5;19.61;2
714;-0.17;-4.71;-0.24;-5;-139;-7;19.41;2
715;-0.03;-4.64;-0.17;-1;-137;-5;19.34;2
716;-0.17;-4.61;-0.27;-5;-136;-8;19.41;2
717;-0.34;-4.64;-0.31;-10;-137;-9;19.41;2
718;-0.10;-4.64;-0.24;-3;-137;-7;19.34;2
719;-0.17;-4.71;-0.14;-5;-139;-4;19.54;2
720;-0.20;-4.68;-0.17;-6;-138;-5;19.41;2
721;-0.17;-4.75;-0.17;-5;-140;-5;19.54;2
722;-0.10;-4.64;-0.10;-3;-137;-3;19.47;2
723;-0.10;-4.71;-0.17;-3;-139;-5;19.87;2
724;-0.17;-4.85;-0.24;-5;-143;-7;19.67;2
725;-0.10;-4.64;-0.17;-3;-137;-5;19.61;2
726;-0.20;-4.61;-0.14;-6;-136;-4;19.54;2
727;-0.17;-4.58;-0.27;-5;-135;-8;19.54;2
728;-0.17;-4.64;-0.14;-5;-137;-4;19.61;2
729;0.03;-4.64;-0.14;1;-137;-4;19.34;2
730;-0.07;-4.61;-0.20;-2;-136;-6;19.41;2
731;0.03;-4.78;-0.20;1;-141;-6;19.67;2
732;-0.24;-4.64;-0.24;-7;-137;-7;19.54;2
733;-0.10;-4.68;-0.20;-3;-138;-6;19.61;2
734;-0.07;-4.64;-0.14;-2;-137;-4;19.47;2
735;-0.14;-4.68;-0.27;-4;-138;-8;19.61;2
736;-0.07;-4.75;-0.20;-2;-140;-6;19.54;2
737;-0.17;-4.64;-0.27;-5;-137;-8;19.41;2
738;-0.10;-4.81;-0.17;-3;-142;-5;19.41;2
739;-0.14;-4.78;-0.17;-4;-141;-5;19.61;2
740;-0.03;-4.68;-0.24;-1;-138;-7;19.54;2
741;-0.07;-4.68;-0.20;-2;-138;-6;19.61;2
742;-0.27;-4.75;-0.14;-8;-140;-4;19.80;2
743;-0.14;-4.68;-0.17;-4;-138;-5;19.67;2
744;-0.03;-4.75;-0.24;-1;-140;-7;19.61;2
745;-0.07;-4.75;-0.14;-2;-140;-4;19.34;2
746;-0.10;-4.68;-0.24;-3;-138;-7;19.74;2
747;-0.03;-4.71;-0.07;-1;-139;-2;19.61;2
748;-0.14;-4.61;-0.14;-4;-136;-4;19.28;2
749;-0.10;-4.71;-0.20;-3;-139;-6;19.74;2
750;-0.14;-4.64;-0.14;-4;-137;-4;19.41;2
751;0.00;-4.58;-0.20;0;-135;-6;19.47;2
752;-0.14;-4.64;-0.20;-4;-137;-6;19.34;2
753;-0.27;-4.58;-0.20;-8;-135;-6;19.74;2
754;-0.27;-4.64;-0.20;-8;-137;-6;19.61;2
755;-0.17;-4.71;-0.17;-5;-139;-5;19.41;2
756;-0.24;-4.64;-0.14;-7;-137;-4;19.28;2
757;-0.17;-4.68;-0.24;-5;-138;-7;19.28;2
758;-0.10;-4.68;-0.14;-3;-138;-4;19.93;2
759;-0.14;-4.75;-0.20;-4;-140;-6;19.54;2
760;-0.10;-4.58;-0.07;-3;-135;-2;19.47;2
761;0.00;-4.54;-0.24;0;-134;-7;19.54;2
762;-0.10;-4.61;-0.24;-3;-136;-7;19.54;2
763;0.03;-4.68;-0.17;1;-138;-5;19.54;2
764;-0.17;-4.64;-0.20;-5;-137;-6;19.61;2
765;-0.07;-4.68;-0.20;-2;-138;-6;19.61;2
766;-0.14;-4.68;-0.20;-4;-138;-6;19.47;2
767;-0.10;-4.61;-0.20;-3;-136;-6;19.80;2
768;-0.14;-4.68;-0.24;-4;-138;-7;19.54;2
769;-0.17;-4.78;-0.17;-5;-141;-5;19.54;2
770;-0.17;-4.58;-0.20;-5;-135;-6;19.80;2
771;-0.24;-4.68;-0.17;-7;-138;-5;19.41;2
772;-0.10;-4.61;-0.20;-3;-136;-6;19.61;2
773;-0.20;-4.61;-0.20;-6;-136;-6;19.80;2
774;-0.14;-4.68;-0.17;-4;-138;-5;19.61;2
775;-0.14;-4.81;-0.20;-4;-142;-6;19.54;2
776;-0.07;-4.61;-0.17;-2;-136;-5;19.61;2
777;-0.17;-4.61;-0.17;-5;-136;-5;19.47;2
778;-0.14;-4.58;-0.24;-4;-135;-7;19.47;2
779;-0.20;-4.64;-0.17;-6;-137;-5;19.61;2
780;-0.07;-4.68;-0.27;-2;-138;-8;19.54;2
781;-0.20;-4.64;-0.24;-6;-137;-7;19.61;2
782;-0.14;-4.58;-0.10;-4;-135;-3;19.47;2
783;-0.20;-4.71;-0.17;-6;-139;-5;19.61;2
784;-0.03;-4.61;-0.14;-1;-136;-4;19.61;2
785;-0.24;-4.64;-0.20;-7;-137;-6;19.61;2
786;-0.07;-4.75;-0.10;-2;-140;-3;19.54;2
787;-0.20;-4.75;-0.20;-6;-140;-6;19.47;2
788;-0.10;-4.64;-0.20;-3;-137;-6;19.47;2
789;-0.24;-4.68;-0.24;-7;-138;-7;19.41;2
790;-0.14;-4.75;-0.24;-4;-140;-7;19.67;2
791;-0.10;-4.78;-0.20;-3;-141;-6;19.74;2
792;-0.27;-4.54;-0.17;-8;-134;-5;19.74;2
793;0.03;-4.61;-0.24;1;-136;-7;19.61;2
794;0.03;-4.58;-0.10;1;-135;-3;19.54;2
795;-0.20;-4.64;-0.24;-6;-137;-7;19.54;2
796;-0.27;-4.61;-0.10;-8;-136;-3;19.47;2
797;-0.14;-4.61;-0.20;-4;-136;-6;19.54;2
798;0.07;-4.68;-0.20;2;-138;-6;19.61;2
799;0.00;-4.64;-0.24;0;-137;-7;19.54;2
800;-0.14;-4.54;-0.07;-4;-134;-2;19.74;2
801;-0.24;-4.68;-0.17;-7;-138;-5;19.74;2
802;-0.07;-4.64;-0.17;-2;-137;-5;19.54;2
803;-0.24;-4.61;-0.24;-7;-136;-7;19.34;2
804;0.00;-4.58;-0.17;0;-135;-5;19.54;2
805;-0.07;-4.75;-0.10;-2;-140;-3;19.47;2
806;-0.14;-4.75;-0.07;-4;-140;-2;19.61;2
807;-0.07;-4.71;-0.24;-2;-139;-7;19.61;2
808;-0.07;-4.71;-0.24;-2;-139;-7;19.34;2
809;-0.07;-4.68;-0.24;-2;-138;-7;19.47;2
810;-0.07;-4.58;-0.17;-2;-135;-5;19.54;2
811;-0.20;-4.58;-0.17;-6;-135;-5;19.47;2
812;-0.24;-4.68;-0.24;-7;-138;-7;19.74;2
813;-0.03;-4.81;-0.17;-1;-142;-5;19.54;2
814;0.10;-4.61;-0.14;3;-136;-4;19.61;2
815;0.03;-4.61;-0.20;1;-136;-6;19.54;2
816;-0.27;-4.64;-0.20;-8;-137;-6;19.74;2
817;-0.17;-4.68;-0.20;-5;-138;-6;19.54;2
818;-0.10;-4.58;-0.24;-3;-135;-7;19.41;2
819;-0.14;-4.58;-0.27;-4;-135;-8;19.34;2
820;-0.07;-4.68;-0.24;-2;-138;-7;19.61;2
821;-0.10;-4.75;-0.20;-3;-140;-6;19.61;2
822;-0.17;-4.58;-0.14;-5;-135;-4;19.41;2
823;-0.17;-4.68;-0.20;-5;-138;-6;19.61;2
824;-0.07;-4.64;-0.20;-2;-137;-6;19.34;2
825;-0.14;-4.68;-0.17;-4;-138;-5;19.47;2
826;-0.07;-4.68;-0.27;-2;-138;-8;19.61;2
827;-0.27;-4.68;-0.20;-8;-138;-6;19.80;2
828;-0.17;-4.81;-0.24;-5;-142;-7;19.67;2
829;-0.10;-4.75;-0.24;-3;-140;-7;19.47;2
830;-0.10;-4.68;-0.20;-3;-138;-6;19.61;2
831;-0.14;-4.61;-0.24;-4;-136;-7;19.34;2
832;0.00;-4.61;-0.14;0;-136;-4;19.74;2
833;-0.03;-4.64;-0.27;-1;-137;-8;19.67;2
834;-0.03;-4.61;-0.20;-1;-136;-6;19.47;2
835;-0.10;-4.61;-0.17;-3;-136;-5;19.74;2
836;-0.20;-4.68;-0.17;-6;-138;-5;19.54;2
837;-0.24;-4.51;-0.14;-7;-133;-4;19.54;2
838;-0.03;-4.68;-0.17;-1;-138;-5;19.61;2
839;-0.10;-4.68;-0.27;-3;-138;-8;19.80;2
840;-0.07;-4.61;-0.17;-2;-136;-5;19.74;2
841;-0.07;-4.78;-0.20;-2;-141;-6;19.34;2
842;-0.10;-4.61;-0.14;-3;-136;-4;19.34;2
843;-0.20;-4.78;-0.17;-6;-141;-5;19.41;2
844;-0.10;-4.61;-0.17;-3;-136;-5;19.47;2
845;-0.07;-4.64;-0.20;-2;-137;-6;19.80;2
846;0.00;-4.61;-0.20;0;-136;-6;19.54;2
847;-0.14;-4.61;-0.24;-4;-136;-7;19.54;2
848;-0.14;-4.68;-0.24;-4;-138;-7;19.61;2
849;-0.20;-4.64;-0.14;-6;-137;-4;19.47;2
850;0.00;-4.71;-0.20;0;-139;-6;19.41;2
851;0.00;-4.71;-0.24;0;-139;-7;19.47;2
852;-0.17;-4.75;-0.20;-5;-140;-6;20.00;2
853;-0.10;-4.64;-0.24;-3;-137;-7;19.28;2
854;-0.10;-4.58;-0.17;-3;-135;-5;19.61;2
855;-0.20;-4.68;-0.17;-6;-138;-5;19.41;2
856;-0.14;-4.75;-0.24;-4;-140;-7;19.54;2
857;-0.24;-4.61;-0.24;-7;-136;-7;19.67;2
858;-0.10;-4.71;-0.20;-3;-139;-6;19.54;2
859;-0.14;-4.64;-0.20;-4;-137;-6;19.54;2
860;-0.10;-4.61;-0.17;-3;-136;-5;19.54;2
861;-0.14;-4.61;-0.14;-4;-136;-4;19.47;2
862;-0.17;-4.68;-0.17;-5;-138;-5;19.54;2
863;-0.20;-4.71;-0.07;-6;-139;-2;19.74;2
864;-0.10;-4.64;-0.20;-3;-137;-6;19.54;2
865;-0.07;-4.68;-0.17;-2;-138;-5;19.34;2
866;-0.07;-4.41;-0.14;-2;-130;-4;19.67;2
867;-0.03;-4.68;-0.14;-1;-138;-4;19.61;2
868;-0.24;-4.81;-0.14;-7;-142;-4;19.47;2
869;0.00;-4.75;-0.14;0;-140;-4;19.47;2
870;-0.07;-4.51;-0.07;-2;-133;-2;19.61;2
871;-0.10;-4.71;-0.24;-3;-139;-7;19.41;2
872;-0.10;-4.61;-0.17;-3;-136;-5;19.80;2
873;-0.14;-4.51;-0.20;-4;-133;-6;19.54;2
874;-0.14;-4.68;-0.14;-4;-138;-4;19.54;2
875;-0.03;-4.71;-0.17;-1;-139;-5;19.47;2
876;-0.03;-4.54;-0.20;-1;-134;-6;19.34;2
877;-0.24;-4.61;-0.17;-7;-136;-5;19.67;2
878;-0.10;-4.71;-0.17;-3;-139;-5;19.28;2
879;-0.10;-4.64;-0.20;-3;-137;-6;19.47;2
880;-0.07;-4.68;-0.17;-2;-138;-5;19.34;2
881;-0.14;-4.58;-0.14;-4;-135;-4;19.47;2
882;-0.17;-4.78;-0.24;-5;-141;-7;19.34;2
883;0.03;-4.75;-0.10;1;-140;-3;19.61;2
884;-0.20;-4.71;-0.17;-6;-139;-5;19.61;2
885;-0.20;-4.68;-0.17;-6;-138;-5;19.80;2
886;-0.03;-4.58;-0.27;-1;-135;-8;19.61;2
887;-0.17;-4.68;-0.17;-5;-138;-5;19.54;2
888;-0.07;-4.68;-0.17;-2;-138;-5;19.54;2
889;-0.10;-4.58;-0.17;-3;-135;-5;19.67;2
890;-0.17;-4.51;-0.17;-5;-133;-5;19.47;2
891;-0.31;-4.68;-0.20;-9;-138;-6;19.41;2
892;-0.27;-4.71;-0.17;-8;-139;-5;19.67;2
893;-0.24;-4.68;-0.20;-7;-138;-6;19.54;2
894;-0.17;-4.71;-0.20;-5;-139;-6;19.54;2
895;-0.10;-4.68;-0.20;-3;-138;-6;19.41;2
896;-0.14;-4.68;-0.17;-4;-138;-5;19.61;2
897;-0.20;-4.64;-0.17;-6;-137;-5;19.54;2
898;-0.17;-4.61;-0.20;-5;-136;-6;19.21;2
899;-0.14;-4.64;-0.24;-4;-137;-7;19.74;2
900;-0.03;-4.64;-0.24;-1;-137;-7;19.41;2
901;-0.10;-4.75;-0.20;-3;-140;-6;19.61;2
902;-0.03;-4.61;-0.17;-1;-136;-5;19.54;2
903;-0.14;-4.71;-0.20;-4;-139;-6;19.61;2
904;-0.14;-4.71;-0.17;-4;-139;-5;19.61;2
905;0.07;-4.75;-0.20;2;-140;-6;19.47;2
906;0.03;-4.54;-0.24;1;-134;-7;19.74;2
907;-0.27;-4.61;-0.17;-8;-136;-5;19.54;2
908;0.00;-4.64;-0.24;0;-137;-7;19.41;2
909;-0.17;-4.71;-0.17;-5;-139;-5;19.67;2
910;-0.14;-4.68;-0.20;-4;-138;-6;19.61;2
911;0.03;-4.68;-0.07;1;-138;-2;19.41;2
912;-0.41;-4.71;-0.20;-12;-139;-6;19.54;2
913;-0.07;-4.75;-0.17;-2;-140;-5;19.74;2
914;-0.14;-4.78;-0.17;-4;-141;-5;19.54;2
915;0.03;-4.78;-0.17;1;-141;-5;19.41;2
916;-0.14;-4.78;-0.24;-4;-141;-7;19.34;2
917;-0.14;-4.68;-0.20;-4;-138;-6;19.47;2
918;-0.14;-4.75;-0.17;-4;-140;-5;19.54;2
919;-0.20;-4.68;-0.17;-6;-138;-5;19.54;2
920;-0.03;-4.54;-0.24;-1;-134;-7;19.41;2
921;-0.27;-4.68;-0.24;-8;-138;-7;19.54;2
922;-0.17;-4.64;-0.24;-5;-137;-7;19.54;2
923;-0.31;-4.75;-0.17;-9;-140;-5;19.67;2
924;-0.17;-4.61;-0.17;-5;-136;-5;19.41;2
925;-0.17;-4.71;-0.10;-5;-139;-3;19.61;2
926;-0.20;-4.64;-0.17;-6;-137;-5;19.61;2
927;-0.20;-4.68;-0.17;-6;-138;-5;19.74;2
928;-0.17;-4.78;-0.24;-5;-141;-7;19.54;2
929;0.00;-4.61;-0.20;0;-136;-6;19.67;2
930;-0.07;-4.64;-0.20;-2;-137;-6;19.54;2
931;-0.14;-4.58;-0.17;-4;-135;-5;19.67;2
932;0.00;-4.71;-0.20;0;-139;-6;19.34;2
933;-0.10;-4.61;-0.24;-3;-136;-7;19.87;2
934;-0.10;-4.64;-0.20;-3;-137;-6;19.54;2
935;-0.24;-4.61;-0.17;-7;-136;-5;19.54;2
936;-0.07;-4.68;-0.14;-2;-138;-4;19.34;2
937;-0.17;-4.75;-0.17;-5;-140;-5;19.34;2
938;-0.20;-4.68;-0.17;-6;-138;-5;19.41;2
939;-0.07;-4.71;-0.17;-2;-139;-5;19.47;2
940;-0.07;-4.64;-0.27;-2;-137;-8;19.54;2
941;0.00;-4.68;-0.20;0;-138;-6;19.74;2
942;-0.03;-4.68;-0.24;-1;-138;-7;19.93;2
943;-0.07;-4.71;-0.20;-2;-139;-6;19.67;2
944;-0.14;-4.61;-0.14;-4;-136;-4;19.67;2
945;-0.14;-4.61;-0.20;-4;-136;-6;19.54;2
946;-0.10;-4.78;-0.17;-3;-141;-5;19.47;2
947;-0.17;-4.85;-0.17;-5;-143;-5;19.47;2
948;-0.17;-4.58;-0.20;-5;-135;-6;19.80;2
949;-0.03;-4.64;-0.20;-1;-137;-6;19.47;2
950;-0.10;-4.71;-0.17;-3;-139;-5;19.41;2
951;0.00;-4.54;-0.17;0;-134;-5;19.34;2
952;-0.10;-4.64;-0.20;-3;-137;-6;19.54;2
953;-0.14;-4.78;-0.10;-4;-141;-3;19.47;2
954;0.07;-4.71;-0.31;2;-139;-9;19.41;2
955;-0.14;-4.61;-0.27;-4;-136;-8;19.54;2
956;-0.10;-4.71;-0.10;-3;-139;-3;19.34;2
957;-0.07;-4.71;-0.27;-2;-139;-8;19.47;2
958;-0.10;-4.68;-0.27;-3;-138;-8;19.61;2
959;-0.20;-4.75;-0.24;-6;-140;-7;19.34;2
960;-0.10;-4.68;-0.20;-3;-138;-6;19.21;2
961;-0.07;-4.71;-0.27;-2;-139;-8;19.34;2
962;-0.03;-4.61;-0.17;-1;-136;-5;19.34;2
963;-0.20;-4.75;-0.20;-6;-140;-6;19.47;2
964;-0.14;-4.71;-0.10;-4;-139;-3;19.28;2
965;-0.14;-4.58;-0.24;-4;-135;-7;19.61;2
966;-0.14;-4.54;-0.17;-4;-134;-5;19.41;2
967;-0.07;-4.68;-0.27;-2;-138;-8;19.61;2
968;-0.17;-4.68;-0.24;-5;-138;-7;19.61;2
969;-0.24;-4.61;-0.20;-7;-136;-6;19.47;2
970;-0.14;-4.58;-0.10;-4;-135;-3;19.47;2
971;-0.07;-4.68;-0.17;-2;-138;-5;19.41;2
972;-0.10;-4.78;-0.27;-3;-141;-8;19.74;2
973;-0.20;-4.68;-0.17;-6;-138;-5;19.61;2
974;-0.20;-4.75;-0.10;-6;-140;-3;19.34;2
975;-0.17;-4.64;-0.10;-5;-137;-3;19.41;2
976;-0.07;-4.75;-0.20;-2;-140;-6;19.41;2
977;-0.07;-4.64;-0.20;-2;-137;-6;19.47;2
978;-0.07;-4.68;-0.24;-2;-138;-7;19.67;2
979;-0.07;-4.68;-0.17;-2;-138;-5;19.54;2
980;-0.07;-4.64;-0.17;-2;-137;-5;19.74;2
981;0.03;-4.54;-0.24;1;-134;-7;19.74;2
982;-0.14;-4.75;-0.20;-4;-140;-6;19.47;2
983;-0.07;-4.68;-0.17;-2;-138;-5;19.47;2
984;-0.10;-4.58;-0.24;-3;-135;-7;19.47;2
985;-0.03;-4.81;-0.24;-1;-142;-7;19.61;2
986;0.00;-4.71;-0.17;0;-139;-5;19.61;2
987;-0.24;-4.54;-0.27;-7;-134;-8;19.87;2
988;-0.03;-4.61;-0.20;-1;-136;-6;19.54;2
989;-0.20;-4.75;-0.17;-6;-140;-5;19.47;2
990;-0.14;-4.51;-0.24;-4;-133;-7;19.47;2
991;-0.10;-4.61;-0.20;-3;-136;-6;19.61;2
992;0.00;-4.64;-0.27;0;-137;-8;19.34;2
993;-0.20;-4.64;-0.17;-6;-137;-5;19.67;2
994;-0.10;-4.64;-0.27;-3;-137;-8;19.47;2
995;-0.07;-4.61;-0.14;-2;-136;-4;19.80;2
996;-0.17;-4.64;-0.24;-5;-137;-7;19.54;2
997;-0.03;-4.64;-0.10;-1;-137;-3;19.21;2
998;-0.10;-4.68;-0.10;-3;-138;-3;19.41;2
999;-0.14;-4.64;-0.17;-4;-137;-5;19.47;2
1000;-0.07;-4.78;-0.24;-2;-141;-7;19.61;2
1001;-0.10;-4.58;-0.24;-3;-135;-7;19.67;2
1002;-0.17;-4.54;-0.20;-5;-134;-6;19.67;2
1003;-0.14;-4.58;-0.10;-4;-135;-3;19.34;2
1004;-0.07;-4.75;-0.20;-2;-140;-6;19.41;2
1005;-0.14;-4.68;-0.10;-4;-138;-3;19.34;2
1006;-0.14;-4.58;-0.20;-4;-135;-6;19.61;2
1007;0.00;-4.54;-0.20;0;-134;-6;19.28;2
1008;0.07;-4.64;-0.27;2;-137;-8;19.54;2
1009;-0.10;-4.64;-0.14;-3;-137;-4;19.34;2
1010;-0.07;-4.61;-0.24;-2;-136;-7;19.74;2
1011;-0.24;-4.68;-0.20;-7;-138;-6;19.54;2
1012;-0.03;-4.68;-0.20;-1;-138;-6;19.61;2
1013;-0.20;-4.68;-0.17;-6;-138;-5;19.67;2
1014;-0.07;-4.61;-0.24;-2;-136;-7;19.61;2
1015;-0.27;-4.68;-0.27;-8;-138;-8;19.61;2
1016;-0.03;-4.64;-0.17;-1;-137;-5;19.54;2
1017;-0.14;-4.75;-0.20;-4;-140;-6;19.34;2
1018;-0.03;-4.61;-0.24;-1;-136;-7;19.41;2
1019;0.00;-4.64;-0.17;0;-137;-5;19.41;2
1020;-0.14;-4.78;-0.17;-4;-141;-5;19.41;2
1021;-0.10;-4.64;-0.24;-3;-137;-7;19.54;2
1022;-0.07;-4.68;-0.14;-2;-138;-4;19.61;2
1023;-0.17;-4.75;-0.20;-5;-140;-6;19.54;2
1024;-0.17;-4.61;-0.17;-5;-136;-5;19.74;2
1025;-0.10;-4.71;-0.24;-3;-139;-7;19.47;2
1026;-0.07;-4.58;-0.17;-2;-135;-5;19.34;2
1027;-0.10;-4.81;-0.24;-3;-142;-7;19.41;2
1028;-0.03;-4.58;-0.10;-1;-135;-3;19.61;2
1029;-0.10;-4.68;-0.14;-3;-138;-4;19.54;2
1030;-0.20;-4.58;-0.20;-6;-135;-6;19.34;2
1031;-0.20;-4.78;-0.20;-6;-141;-6;19.41;2
1032;-0.20;-4.75;-0.24;-6;-140;-7;19.54;2
1033;-0.07;-4.64;-0.14;-2;-137;-4;19.34;2
1034;-0.17;-4.58;-0.20;-5;-135;-6;19.74;2
1035;-0.14;-4.54;-0.24;-4;-134;-7;19.74;2
1036;-0.14;-4.68;-0.24;-4;-138;-7;19.54;2
1037;-0.27;-4.51;-0.10;-8;-133;-3;19.41;2
1038;-0.17;-4.75;-0.31;-5;-140;-9;19.54;2
1039;-0.10;-4.61;-0.10;-3;-136;-3;19.61;2
1040;0.00;-4.58;-0.20;0;-135;-6;19.54;2
1041;-0.07;-4.61;-0.20;-2;-136;-6;19.47;2
1042;-0.07;-4.68;-0.17;-2;-138;-5;19.61;2
1043;-0.10;-4.61;-0.20;-3;-136;-6;19.67;2
1044;-0.07;-4.64;-0.10;-2;-137;-3;19.34;2
1045;-0.14;-4.71;-0.17;-4;-139;-5;19.41;2
1046;-0.17;-4.64;-0.17;-5;-137;-5;19.54;2
1047;-0.10;-4.64;-0.17;-3;-137;-5;19.67;2
1048;-0.20;-4.78;-0.20;-6;-141;-6;19.34;2
1049;-0.07;-4.64;-0.24;-2;-137;-7;19.47;2
1050;-0.20;-4.71;-0.20;-6;-139;-6;19.47;2
1051;-0.20;-4.71;-0.24;-6;-139;-7;19.47;2
1052;-0.14;-4.61;-0.24;-4;-136;-7;19.41;2
1053;-0.03;-4.61;-0.24;-1;-136;-7;19.61;2
1054;-0.10;-4.64;-0.17;-3;-137;-5;19.41;2
1055;-0.07;-4.64;-0.24;-2;-137;-7;19.47;2
1056;-0.10;-4.68;-0.17;-3;-138;-5;19.67;2
1057;-0.07;-4.64;-0.17;-2;-137;-5;19.80;2
1058;-0.17;-4.61;-0.24;-5;-136;-7;19.61;2
1059;-0.07;-4.71;-0.27;-2;-139;-8;19.34;2
1060;-0.14;-4.58;-0.17;-4;-135;-5;19.61;2
1061;-0.07;-4.64;-0.20;-2;-137;-6;19.47;2
1062;-0.07;-4.68;-0.37;-2;-138;-11;19.61;2
1063;-0.10;-4.71;-0.17;-3;-139;-5;19.67;2
1064;-0.17;-4.61;-0.20;-5;-136;-6;19.47;2
1065;-0.07;-4.81;-0.14;-2;-142;-4;19.67;2
1066;0.00;-4.68;-0.20;0;-138;-6;19.74;2
1067;-0.07;-4.54;-0.10;-2;-134;-3;19.47;2
1068;-0.07;-4.58;-0.17;-2;-135;-5;19.41;2
1069;0.03;-4.68;-0.17;1;-138;-5;19.47;2
1070;-0.07;-4.58;-0.17;-2;-135;-5;19.28;2
1071;0.00;-4.61;-0.17;0;-136;-5;19.67;2
1072;-0.17;-4.64;-0.17;-5;-137;-5;19.74;2
1073;-0.17;-4.68;-0.24;-5;-138;-7;19.47;2
1074;-0.17;-4.81;-0.20;-5;-142;-6;19.74;2
1075;-0.07;-4.64;-0.24;-2;-137;-7;19.54;2
1076;-0.17;-4.61;-0.27;-5;-136;-8;19.74;2
1077;-0.10;-4.61;-0.20;-3;-136;-6;19.61;2
1078;-0.07;-4.61;-0.17;-2;-136;-5;19.47;2
1079;0.00;-4.61;-0.14;0;-136;-4;19.47;2
1080;-0.14;-4.75;-0.17;-4;-140;-5;19.41;2
1081;-0.31;-4.68;-0.10;-9;-138;-3;19.34;2
1082;-0.14;-4.71;-0.17;-4;-139;-5;19.61;2
1083;-0.07;-4.78;-0.24;-2;-141;-7;19.41;2
1084;-0.17;-4.64;-0.17;-5;-137;-5;19.47;2
1085;-0.10;-4.71;-0.24;-3;-139;-7;19.74;2
1086;-0.03;-4.54;-0.24;-1;-134;-7;19.61;2
1087;-0.07;-4.75;-0.20;-2;-140;-6;19.47;2
1088;-0.17;-4.71;-0.14;-5;-139;-4;19.61;2
1089;-0.10;-4.68;-0.20;-3;-138;-6;19.67;2
1090;-0.14;-4.68;-0.17;-4;-138;-5;19.61;2
1091;-0.10;-4.68;-0.10;-3;-138;-3;19.54;2
1092;-0.31;-4.54;-0.17;-9;-134;-5;19.41;2
1093;-0.14;-4.64;-0.24;-4;-137;-7;19.80;2
1094;-0.10;-4.58;-0.20;-3;-135;-6;19.67;2
1095;-0.14;-4.51;-0.17;-4;-133;-5;19.28;2
1096;-0.07;-4.61;-0.27;-2;-136;-8;19.54;2
1097;-0.24;-4.68;-0.14;-7;-138;-4;19.21;2
1098;-0.14;-4.61;-0.17;-4;-136;-5;19.61;2
1099;-0.20;-4.54;-0.20;-6;-134;-6;19.67;2
1100;-0.07;-4.58;-0.17;-2;-135;-5;19.41;2
1101;-0.17;-4.71;-0.10;-5;-139;-3;19.47;2
1102;-0.03;-4.54;-0.24;-1;-134;-7;19.67;2
1103;-0.17;-4.75;-0.14;-5;-140;-4;19.47;2
1104;-0.03;-4.64;-0.10;-1;-137;-3;19.61;2
1105;-0.07;-4.64;-0.14;-2;-137;-4;19.54;2
1106;-0.14;-4.64;-0.20;-4;-137;-6;19.61;2
1107;-0.10;-4.75;-0.24;-3;-140;-7;19.47;2
1108;-0.20;-4.54;-0.14;-6;-134;-4;19.41;2
1109;-0.24;-4.78;-0.24;-7;-141;-7;19.54;2
1110;-0.10;-4.54;-0.17;-3;-134;-5;19.61;2
1111;-0.14;-4.64;-0.17;-4;-137;-5;19.54;2
1112;0.00;-4.58;-0.10;0;-135;-3;19.54;2
1113;-0.14;-4.61;-0.24;-4;-136;-7;19.28;2
1114;-0.10;-4.71;-0.27;-3;-139;-8;19.74;2
1115;-0.10;-4.78;-0.20;-3;-141;-6;19.54;2
1116;-0.17;-4.64;-0.20;-5;-137;-6;19.47;2
1117;-0.24;-4.64;-0.17;-7;-137;-5;19.47;2
1118;-0.07;-4.64;-0.17;-2;-137;-5;19.80;2
1119;-0.10;-4.71;-0.10;-3;-139;-3;19.47;2
1120;-0.20;-4.81;-0.20;-6;-142;-6;19.47;2
1121;-0.17;-4.58;-0.20;-5;-135;-6;19.47;2
1122;-0.24;-4.54;-0.24;-7;-134;-7;19.80;2
1123;-0.17;-4.68;-0.20;-5;-138;-6;19.74;2
1124;-0.20;-4.64;-0.17;-6;-137;-5;19.61;2
1125;-0.10;-4.64;-0.17;-3;-137;-5;19.61;2
1126;-0.20;-4.58;-0.17;-6;-135;-5;19.67;2
1127;-0.17;-4.58;-0.20;-5;-135;-6;19.61;2
1128;-0.07;-4.71;-0.20;-2;-139;-6;19.54;2
1129;-0.17;-4.61;-0.20;-5;-136;-6;19.74;2
1130;-0.03;-4.71;-0.24;-1;-139;-7;19.47;2
1131;-0.24;-4.61;-0.17;-7;-136;-5;19.61;2
1132;-0.07;-4.68;-0.17;-2;-138;-5;19.41;2
1133;-0.03;-4.81;-0.10;-1;-142;-3;19.54;2
1134;-0.17;-4.58;-0.20;-5;-135;-6;19.61;2
1135;-0.10;-4.68;-0.24;-3;-138;-7;19.74;2
1136;-0.10;-4.78;-0.24;-3;-141;-7;19.54;2
1137;-0.20;-4.71;-0.24;-6;-139;-7;19.61;2
1138;-0.20;-4.51;-0.17;-6;-133;-5;19.28;2
1139;-0.14;-4.68;-0.17;-4;-138;-5;19.54;2
1140;-0.24;-4.54;-0.20;-7;-134;-6;19.61;2
1141;-0.17;-4.71;-0.10;-5;-139;-3;19.67;2
1142;-0.17;-4.64;-0.14;-5;-137;-4;19.47;2
1143;0.03;-4.64;-0.14;1;-137;-4;19.47;2
1144;-0.17;-4.64;-0.17;-5;-137;-5;19.41;2
1145;-0.14;-4.64;-0.17;-4;-137;-5;19.47;2
1146;-0.07;-4.54;-0.20;-2;-134;-6;19.54;2
1147;-0.07;-4.64;-0.24;-2;-137;-7;19.47;2
1148;-0.10;-4.71;-0.14;-3;-139;-4;19.61;2
1149;0.00;-4.58;-0.17;0;-135;-5;19.54;2
1150;-0.10;-4.71;-0.24;-3;-139;-7;19.47;2
1151;-0.14;-4.75;-0.07;-4;-140;-2;19.54;2
1152;-0.14;-4.68;-0.10;-4;-138;-3;19.61;2
1153;-0.20;-4.78;-0.10;-6;-141;-3;19.41;2
1154;-0.14;-4.47;-0.20;-4;-132;-6;19.47;2
1155;-0.24;-4.75;-0.24;-7;-140;-7;19.67;2
1156;-0.03;-4.71;-0.07;-1;-139;-2;19.28;2
1157;-0.03;-4.54;-0.14;-1;-134;-4;19.41;2
1158;-0.03;-4.61;-0.10;-1;-136;-3;19.54;2
1159;-0.14;-4.64;-0.27;-4;-137;-8;19.41;2
1160;-0.20;-4.78;-0.20;-6;-141;-6;19.34;2
1161;-0.17;-4.68;-0.24;-5;-138;-7;19.61;2
1162;-0.03;-4.75;-0.24;-1;-140;-7;19.54;2
1163;-0.17;-4.64;-0.20;-5;-137;-6;19.61;2
1164;-0.10;-4.75;-0.17;-3;-140;-5;19.67;2
1165;-0.10;-4.71;-0.17;-3;-139;-5;19.47;2
1166;0.00;-4.54;-0.24;0;-134;-7;19.41;2
1167;-0.14;-4.58;-0.14;-4;-135;-4;19.54;2
1168;-0.10;-4.64;-0.17;-3;-137;-5;19.41;2
1169;-0.14;-4.54;-0.20;-4;-134;-6;19.54;2
1170;-0.10;-4.64;-0.20;-3;-137;-6;19.34;2
1171;-0.14;-4.58;-0.17;-4;-135;-5;19.47;2
1172;-0.07;-4.61;-0.24;-2;-136;-7;19.87;2
1173;-0.03;-4.64;-0.17;-1;-137;-5;19.61;2
1174;-0.14;-4.58;-0.24;-4;-135;-7;19.54;2
1175;-0.14;-4.64;-0.20;-4;-137;-6;19.54;2
1176;-0.17;-4.68;-0.20;-5;-138;-6;19.47;2
1177;-0.07;-4.75;-0.24;-2;-140;-7;19.67;2
1178;-0.10;-4.64;-0.24;-3;-137;-7;19.93;2
1179;0.07;-4.58;-0.20;2;-135;-6;19.28;2
1180;-0.03;-4.75;-0.20;-1;-140;-6;19.61;2
1181;-0.10;-4.64;-0.20;-3;-137;-6;19.54;2
1182;-0.07;-4.71;-0.24;-2;-139;-7;19.28;2
1183;-0.20;-4.54;-0.17;-6;-134;-5;19.61;2
1184;-0.17;-4.68;-0.27;-5;-138;-8;19.54;2
1185;-0.14;-4.47;-0.20;-4;-132;-6;19.74;2
1186;-0.07;-4.58;-0.20;-2;-135;-6;19.54;2
1187;0.00;-4.75;-0.24;0;-140;-7;19.54;2
1188;-0.03;-4.78;-0.17;-1;-141;-5;19.41;2
1189;0.03;-4.68;-0.17;1;-138;-5;19.28;2
1190;-0.17;-4.68;-0.24;-5;-138;-7;19.41;2
1191;-0.27;-4.64;-0.20;-8;-137;-6;19.67;2
1192;-0.03;-4.61;-0.20;-1;-136;-6;19.54;2
1193;-0.10;-4.71;-0.20;-3;-139;-6;19.41;2
1194;-0.03;-4.75;-0.14;-1;-140;-4;19.61;2
1195;-0.07;-4.68;-0.24;-2;-138;-7;19.61;2
1196;-0.07;-4.71;-0.17;-2;-139;-5;19.67;2
1197;-0.07;-4.68;-0.24;-2;-138;-7;19.61;2
1198;-0.20;-4.71;-0.17;-6;-139;-5;19.47;2
1199;0.10;-4.61;-0.20;3;-136;-6;19.87;2
1200;-0.17;-4.68;-0.27;-5;-138;-8;19.67;2
1201;-0.10;-4.54;-0.20;-3;-134;-6;19.61;2
1202;-0.20;-4.75;-0.20;-6;-140;-6;19.34;2
1203;-0.10;-4.64;-0.20;-3;-137;-6;19.61;2
1204;-0.17;-4.61;-0.10;-5;-136;-3;19.67;2
1205;-0.14;-4.64;-0.14;-4;-137;-4;19.47;2
1206;-0.17;-4.61;-0.03;-5;-136;-1;19.41;2
1207;-0.24;-4.64;-0.17;-7;-137;-5;19.54;2
1208;-0.07;-4.71;-0.24;-2;-139;-7;19.54;2
1209;-0.14;-4.78;-0.10;-4;-141;-3;19.47;2
1210;-0.07;-4.71;-0.07;-2;-139;-2;19.54;2
1211;-0.17;-4.68;-0.17;-5;-138;-5;19.80;2
1212;-0.20;-4.64;-0.20;-6;-137;-6;19.14;2
1213;-0.14;-4.54;-0.10;-4;-134;-3;19.47;2
1214;-0.07;-4.64;-0.17;-2;-137;-5;19.67;2
1215;-0.20;-4.75;-0.20;-6;-140;-6;19.41;2
1216;-0.24;-4.61;-0.10;-7;-136;-3;19.34;2
1217;-0.27;-4.54;-0.20;-8;-134;-6;19.74;2
1218;-0.07;-4.81;-0.24;-2;-142;-7;19.80;2
1219;-0.17;-4.68;-0.17;-5;-138;-5;19.47;2
1220;-0.07;-4.61;-0.17;-2;-136;-5;19.54;2
1221;-0.10;-4.61;-0.20;-3;-136;-6;19.34;2
1222;-0.24;-4.58;-0.17;-7;-135;-5;19.34;2
1223;-0.14;-4.58;-0.20;-4;-135;-6;19.54;2
1224;-0.07;-4.75;-0.31;-2;-140;-9;19.61;2
1225;-0.20;-4.64;-0.24;-6;-137;-7;19.28;2
1226;-0.03;-4.61;-0.17;-1;-136;-5;19.54;2
1227;-0.17;-4.71;-0.20;-5;-139;-6;19.41;2
1228;-0.14;-4.68;-0.17;-4;-138;-5;19.41;2
1229;-0.27;-4.58;-0.24;-8;-135;-7;19.41;2
1230;-0.07;-4.81;-0.27;-2;-142;-8;19.61;2
1231;-0.14;-4.58;-0.24;-4;-135;-7;19.61;2
1232;-0.20;-4.64;-0.24;-6;-137;-7;19.47;2
1233;-0.14;-4.75;-0.07;-4;-140;-2;19.74;2
1234;-0.10;-4.51;-0.20;-3;-133;-6;19.61;2
1235;-0.20;-4.64;-0.24;-6;-137;-7;19.34;2
1236;-0.17;-4.51;-0.14;-5;-133;-4;19.74;2
1237;-0.24;-4.88;-0.27;-7;-144;-8;19.34;2
1238;-0.07;-4.61;-0.24;-2;-136;-7;19.54;2
1239;-0.07;-4.68;-0.17;-2;-138;-5;19.87;2
1240;-0.10;-4.71;-0.17;-3;-139;-5;19.54;2
1241;-0.14;-4.64;-0.27;-4;-137;-8;19.47;2
1242;-0.07;-4.71;-0.20;-2;-139;-6;19.47;2
1243;-0.20;-4.71;-0.20;-6;-139;-6;19.61;2
1244;-0.10;-4.58;-0.20;-3;-135;-6;19.67;2
1245;-0.10;-4.58;-0.20;-3;-135;-6;19.61;2
1246;-0.17;-4.71;-0.17;-5;-139;-5;19.54;2
1247;-0.20;-4.71;-0.20;-6;-139;-6;19.54;2
1248;-0.20;-4.61;-0.24;-6;-136;-7;19.74;2
1249;0.10;-4.71;-0.20;3;-139;-6;19.54;2
1250;-0.14;-4.64;-0.17;-4;-137;-5;19.80;2
1251;0.00;-4.68;-0.17;0;-138;-5;19.47;2
1252;-0.10;-4.64;-0.10;-3;-137;-3;19.80;2
1253;-0.07;-4.64;-0.20;-2;-137;-6;19.34;2
1254;-0.07;-4.64;-0.10;-2;-137;-3;19.47;2
1255;-0.17;-4.75;-0.24;-5;-140;-7;19.54;2
1256;-0.10;-4.68;-0.20;-3;-138;-6;19.67;2
1257;-0.14;-4.54;-0.20;-4;-134;-6;19.54;2
1258;-0.20;-4.68;-0.24;-6;-138;-7;19.80;2
1259;-0.17;-4.71;-0.24;-5;-139;-7;19.47;2
1260;-0.14;-4.85;-0.14;-4;-143;-4;19.41;2
1261;-0.17;-4.71;-0.17;-5;-139;-5;19.80;2
1262;-0.10;-4.54;-0.20;-3;-134;-6;19.34;2
1263;-0.10;-4.81;-0.20;-3;-142;-6;19.80;2
1264;0.00;-4.61;-0.27;0;-136;-8;19.67;2
1265;-0.24;-4.54;-0.17;-7;-134;-5;19.34;2
1266;-0.20;-4.75;-0.20;-6;-140;-6;19.54;2
1267;0.00;-4.75;-0.14;0;-140;-4;19.61;2
1268;-0.10;-4.68;-0.10;-3;-138;-3;19.41;2
1269;-0.20;-4.85;-0.24;-6;-143;-7;19.54;2
1270;-0.10;-4.75;-0.14;-3;-140;-4;19.61;2
1271;-0.10;-4.71;-0.14;-3;-139;-4;19.67;2
1272;-0.24;-4.61;-0.10;-7;-136;-3;19.41;2
1273;-0.14;-4.64;-0.10;-4;-137;-3;19.34;2
1274;-0.10;-4.68;-0.20;-3;-138;-6;19.54;2
1275;-0.20;-4.81;-0.17;-6;-142;-5;19.74;2
1276;-0.03;-4.78;-0.17;-1;-141;-5;19.61;2
1277;-0.03;-4.54;-0.20;-1;-134;-6;19.41;2
1278;-0.14;-4.64;-0.20;-4;-137;-6;19.54;2
1279;0.03;-4.78;-0.24;1;-141;-7;19.61;2
1280;-0.17;-4.75;-0.17;-5;-140;-5;20.00;2
1281;0.07;-4.78;-0.20;2;-141;-6;19.41;2
1282;-0.24;-4.68;-0.20;-7;-138;-6;19.67;2
1283;-0.10;-4.68;-0.27;-3;-138;-8;19.67;2
1284;-0.07;-4.71;-0.24;-2;-139;-7;19.47;2
1285;-0.03;-4.68;-0.10;-1;-138;-3;19.67;2
1286;-0.17;-4.78;-0.17;-5;-141;-5;19.54;2
1287;-0.10;-4.64;-0.17;-3;-137;-5;19.54;2
1288;-0.17;-4.68;-0.34;-5;-138;-10;19.61;2
1289;-0.14;-4.71;-0.14;-4;-139;-4;19.61;2
1290;0.07;-4.64;-0.20;2;-137;-6;19.67;2
1291;-0.07;-4.61;-0.17;-2;-136;-5;19.61;2
1292;-0.14;-4.64;-0.20;-4;-137;-6;19.47;2
1293;-0.17;-4.54;-0.20;-5;-134;-6;19.67;2
1294;-0.14;-4.61;-0.14;-4;-136;-4;19.41;2
1295;-0.03;-4.58;-0.20;-1;-135;-6;19.74;2
1296;-0.14;-4.47;-0.10;-4;-132;-3;19.47;2
1297;-0.20;-4.75;-0.17;-6;-140;-5;19.67;2
1298;-0.10;-4.61;-0.14;-3;-136;-4;19.74;2
1299;-0.14;-4.68;-0.20;-4;-138;-6;19.47;2
1300;-0.10;-4.71;-0.20;-3;-139;-6;19.41;2
1301;-0.20;-4.54;-0.24;-6;-134;-7;19.54;2
1302;0.00;-4.68;-0.10;0;-138;-3;19.47;2
1303;-0.03;-4.64;-0.27;-1;-137;-8;19.54;2
1304;-0.10;-4.58;-0.07;-3;-135;-2;19.67;2
1305;-0.03;-4.71;-0.27;-1;-139;-8;19.67;2
1306;-0.14;-4.61;-0.17;-4;-136;-5;19.61;2
1307;-0.14;-4.68;-0.24;-4;-138;-7;19.74;2
1308;-0.03;-4.75;-0.20;-1;-140;-6;19.54;2
1309;-0.20;-4.64;-0.14;-6;-137;-4;19.41;2
1310;-0.14;-4.64;-0.20;-4;-137;-6;19.28;2
1311;-0.07;-4.58;-0.10;-2;-135;-3;19.54;2
1312;-0.03;-4.75;-0.17;-1;-140;-5;19.54;2
1313;-0.17;-4.51;-0.17;-5;-133;-5;19.54;2
1314;-0.10;-4.68;-0.20;-3;-138;-6;19.54;2
1315;-0.14;-4.64;-0.34;-4;-137;-10;19.34;2
1316;-0.07;-4.58;-0.24;-2;-135;-7;19.74;2
1317;-0.07;-4.61;-0.10;-2;-136;-3;19.61;2
1318;-0.17;-4.71;-0.24;-5;-139;-7;19.41;2
1319;-0.10;-4.68;-0.27;-3;-138;-8;19.54;2
1320;-0.20;-4.58;-0.10;-6;-135;-3;19.41;2
1321;-0.14;-4.71;-0.07;-4;-139;-2;19.61;2
1322;-0.14;-4.71;-0.17;-4;-139;-5;19.54;2
1323;-0.20;-4.81;-0.20;-6;-142;-6;19.41;2
1324;-0.17;-4.54;-0.07;-5;-134;-2;19.47;2
1325;-0.03;-4.71;-0.20;-1;-139;-6;19.28;2
1326;-0.14;-4.68;-0.27;-4;-138;-8;19.61;2
1327;-0.14;-4.61;-0.17;-4;-136;-5;19.34;2
1328;-0.10;-4.64;-0.17;-3;-137;-5;19.61;2
1329;-0.20;-4.61;-0.17;-6;-136;-5;19.47;2
1330;-0.14;-4.58;-0.20;-4;-135;-6;19.87;2
1331;-0.14;-4.58;-0.17;-4;-135;-5;19.41;2
1332;-0.10;-4.51;-0.24;-3;-133;-7;19.54;2
1333;-0.10;-4.68;-0.20;-3;-138;-6;19.54;2
1334;-0.10;-4.68;-0.20;-3;-138;-6;19.28;2
1335;-0.03;-4.64;-0.20;-1;-137;-6;19.08;2
1336;0.00;-4.71;-0.17;0;-139;-5;19.41;2
1337;-0.10;-4.92;-0.17;-3;-145;-5;19.61;2
1338;-0.10;-4.58;-0.20;-3;-135;-6;19.54;2
1339;-0.14;-4.75;-0.20;-4;-140;-6;19.47;2
1340;-0.20;-4.68;-0.20;-6;-138;-6;19.61;2
1341;-0.14;-4.75;-0.17;-4;-140;-5;19.61;2
1342;-0.14;-4.68;-0.10;-4;-138;-3;19.54;2
1343;-0.17;-4.88;-0.17;-5;-144;-5;19.67;2
1344;-0.14;-4.61;-0.20;-4;-136;-6;19.54;2
1345;-0.20;-4.68;-0.17;-6;-138;-5;19.74;2
1346;-0.20;-4.68;-0.20;-6;-138;-6;19.67;2
1347;-0.07;-4.71;-0.20;-2;-139;-6;19.54;2
1348;-0.07;-4.64;-0.17;-2;-137;-5;19.34;2
1349;-0.20;-4.71;-0.24;-6;-139;-7;19.47;2
1350;-0.07;-4.64;-0.17;-2;-137;-5;19.61;2
1351;-0.14;-4.61;-0.27;-4;-136;-8;19.67;2
1352;-0.17;-4.81;-0.24;-5;-142;-7;19.67;2
1353;-0.17;-4.64;-0.27;-5;-137;-8;19.41;2
1354;-0.10;-4.68;-0.17;-3;-138;-5;19.54;2
1355;-0.17;-4.68;-0.20;-5;-138;-6;19.80;2
1356;-0.24;-4.75;-0.14;-7;-140;-4;19.61;2
1357;-0.24;-4.61;-0.17;-7;-136;-5;19.54;2
1358;-0.14;-4.61;-0.17;-4;-136;-5;19.47;2
1359;0.00;-4.68;-0.14;0;-138;-4;19.47;2
1360;-0.03;-4.58;-0.14;-1;-135;-4;19.61;2
1361;-0.10;-4.71;-0.20;-3;-139;-6;19.74;2
1362;-0.14;-4.75;-0.17;-4;-140;-5;19.47;2
1363;-0.17;-4.68;-0.20;-5;-138;-6;19.61;2
1364;0.00;-4.64;-0.14;0;-137;-4;19.41;2
1365;-0.10;-4.71;-0.14;-3;-139;-4;19.41;2
1366;0.07;-4.75;-0.27;2;-140;-8;19.28;2
1367;-0.07;-4.75;-0.24;-2;-140;-7;19.47;2
1368;0.00;-4.64;-0.17;0;-137;-5;19.61;2
1369;-0.03;-4.61;-0.20;-1;-136;-6;19.93;2
1370;-0.10;-4.58;-0.24;-3;-135;-7;19.74;2
1371;-0.24;-4.54;-0.17;-7;-134;-5;19.47;2
1372;-0.10;-4.58;-0.24;-3;-135;-7;19.61;2
1373;-0.07;-4.58;-0.27;-2;-135;-8;19.67;2
1374;-0.14;-4.71;-0.14;-4;-139;-4;19.67;2
1375;-0.10;-4.64;-0.20;-3;-137;-6;19.47;2
1376;-0.10;-4.71;-0.20;-3;-139;-6;19.41;2
1377;0.03;-4.64;-0.10;1;-137;-3;19.61;2
1378;-0.07;-4.54;-0.14;-2;-134;-4;19.74;2
1379;0.00;-4.75;-0.20;0;-140;-6;19.41;2
1380;-0.07;-4.71;-0.17;-2;-139;-5;19.61;2
1381;0.00;-4.61;-0.17;0;-136;-5;19.61;2
1382;-0.14;-4.64;-0.17;-4;-137;-5;19.47;2
1383;-0.10;-4.58;-0.14;-3;-135;-4;19.54;2
1384;-0.17;-4.58;-0.10;-5;-135;-3;19.61;2
1385;-0.07;-4.71;-0.24;-2;-139;-7;19.67;2
1386;-0.10;-4.58;-0.07;-3;-135;-2;19.47;2
1387;-0.03;-4.68;-0.14;-1;-138;-4;19.41;2
1388;-0.24;-4.71;-0.24;-7;-139;-7;19.28;2
1389;0.00;-4.58;-0.27;0;-135;-8;19.28;2
1390;-0.17;-4.68;-0.20;-5;-138;-6;19.41;2
1391;-0.03;-4.58;-0.14;-1;-135;-4;19.61;2
1392;-0.14;-4.75;-0.20;-4;-140;-6;19.47;2
1393;-0.03;-4.75;-0.14;-1;-140;-4;19.67;2
1394;-0.03;-4.58;-0.20;-1;-135;-6;19.67;2
1395;0.07;-4.64;-0.24;2;-137;-7;19.41;2
1396;-0.07;-4.64;-0.20;-2;-137;-6;19.61;2
1397;-0.03;-4.68;-0.27;-1;-138;-8;19.54;2
1398;-0.10;-4.54;-0.20;-3;-134;-6;19.41;2
1399;-0.14;-4.64;-0.31;-4;-137;-9;19.47;2
1400;-0.14;-4.64;-0.20;-4;-137;-6;19.61;2
1401;-0.10;-4.75;-0.10;-3;-140;-3;19.34;2
1402;-0.31;-4.71;-0.20;-9;-139;-6;19.28;2
1403;-0.10;-4.71;-0.24;-3;-139;-7;19.54;2
1404;-0.10;-4.64;-0.20;-3;-137;-6;19.54;2
1405;-0.14;-4.61;-0.24;-4;-136;-7;19.61;2
1406;0.00;-4.71;-0.17;0;-139;-5;19.67;2
1407;-0.03;-4.71;-0.20;-1;-139;-6;19.41;2
1408;0.00;-4.68;-0.27;0;-138;-8;19.47;2
1409;-0.14;-4.71;-0.20;-4;-139;-6;19.41;2
1410;-0.14;-4.71;-0.20;-4;-139;-6;19.41;2
1411;-0.03;-4.61;-0.24;-1;-136;-7;19.34;2
1412;-0.20;-4.68;-0.20;-6;-138;-6;19.67;2
1413;0.00;-4.54;-0.10;0;-134;-3;19.41;2
1414;-0.10;-4.64;-0.20;-3;-137;-6;19.74;2
1415;-0.10;-4.61;-0.24;-3;-136;-7;19.47;2
1416;-0.03;-4.58;-0.20;-1;-135;-6;19.54;2
1417;0.00;-4.75;-0.27;0;-140;-8;19.41;2
1418;-0.14;-4.71;-0.17;-4;-139;-5;19.67;2
1419;-0.17;-4.71;-0.20;-5;-139;-6;19.47;2
1420;-0.14;-4.64;-0.20;-4;-137;-6;19.54;2
1421;-0.17;-4.68;-0.20;-5;-138;-6;19.61;2
1422;-0.07;-4.61;-0.17;-2;-136;-5;19.54;2
1423;-0.10;-4.58;-0.20;-3;-135;-6;19.34;2
1424;-0.07;-4.68;-0.20;-2;-138;-6;19.61;2
1425;-0.10;-4.61;-0.10;-3;-136;-3;19.61;2
1426;-0.07;-4.61;-0.20;-2;-136;-6;19.74;2
1427;-0.07;-4.68;-0.20;-2;-138;-6;19.47;2
1428;-0.14;-4.71;-0.17;-4;-139;-5;19.47;2
1429;-0.03;-4.61;-0.20;-1;-136;-6;19.41;2
1430;-0.03;-4.64;-0.10;-1;-137;-3;19.47;2
1431;-0.17;-4.61;-0.17;-5;-136;-5;19.47;2
1432;-0.10;-4.71;-0.17;-3;-139;-5;19.47;2
1433;-0.14;-4.64;-0.07;-4;-137;-2;19.41;2
1434;0.03;-4.64;-0.17;1;-137;-5;19.54;2
1435;-0.03;-4.54;-0.10;-1;-134;-3;19.61;2
1436;0.00;-4.68;-0.20;0;-138;-6;19.47;2
1437;-0.10;-4.58;-0.17;-3;-135;-5;19.67;2
1438;-0.20;-4.61;-0.20;-6;-136;-6;19.41;2
1439;-0.07;-4.61;-0.14;-2;-136;-4;19.21;2
1440;-0.03;-4.68;-0.24;-1;-138;-7;19.54;2
1441;-0.20;-4.61;-0.17;-6;-136;-5;19.41;2
1442;-0.17;-4.75;-0.24;-5;-140;-7;19.47;2
1443;0.07;-4.75;-0.24;2;-140;-7;19.67;2
1444;-0.20;-4.61;-0.14;-6;-136;-4;19.54;2
1445;-0.20;-4.68;-0.17;-6;-138;-5;19.54;2
1446;-0.31;-4.75;-0.17;-9;-140;-5;19.41;2
1447;-0.07;-4.68;-0.20;-2;-138;-6;19.54;2
1448;-0.10;-4.68;-0.17;-3;-138;-5;19.41;2
1449;0.07;-4.68;-0.24;2;-138;-7;19.54;2
1450;-0.31;-4.68;-0.27;-9;-138;-8;19.41;2
1451;-0.03;-4.64;-0.10;-1;-137;-3;19.61;2
1452;-0.03;-4.68;-0.14;-1;-138;-4;19.47;2
1453;-0.07;-4.81;-0.14;-2;-142;-4;19.67;2
1454;-0.03;-4.61;-0.17;-1;-136;-5;19.47;2
1455;-0.14;-4.61;-0.10;-4;-136;-3;19.54;2
1456;-0.10;-4.61;-0.17;-3;-136;-5;19.61;2
1457;-0.10;-4.71;-0.20;-3;-139;-6;19.74;2
1458;-0.17;-4.64;-0.20;-5;-137;-6;19.41;2
1459;-0.20;-4.78;-0.24;-6;-141;-7;19.34;2
1460;-0.10;-4.81;-0.17;-3;-142;-5;19.34;2
1461;-0.20;-4.78;-0.20;-6;-141;-6;19.41;2
1462;-0.10;-4.71;-0.24;-3;-139;-7;19.74;2
1463;-0.10;-4.61;-0.14;-3;-136;-4;19.61;2
1464;-0.20;-4.64;-0.17;-6;-137;-5;19.47;2
1465;-0.14;-4.68;-0.20;-4;-138;-6;19.61;2
1466;-0.10;-4.58;-0.20;-3;-135;-6;19.61;2
1467;-0.17;-4.75;-0.10;-5;-140;-3;19.34;2
1468;-0.10;-4.64;-0.20;-3;-137;-6;19.41;2
1469;-0.17;-4.71;-0.20;-5;-139;-6;19.61;2
1470;-0.10;-4.61;-0.27;-3;-136;-8;19.54;2
1471;-0.20;-4.75;-0.20;-6;-140;-6;19.34;2
1472;-0.14;-4.61;-0.17;-4;-136;-5;19.47;2
1473;-0.14;-4.54;-0.20;-4;-134;-6;19.54;2
1474;-0.07;-4.71;-0.10;-2;-139;-3;19.47;2
1475;0.00;-4.68;-0.20;0;-138;-6;19.47;2
1476;-0.07;-4.68;-0.17;-2;-138;-5;19.47;2
1477;-0.10;-4.61;-0.17;-3;-136;-5;19.41;2
1478;-0.17;-4.58;-0.17;-5;-135;-5;19.74;2
1479;-0.20;-4.68;-0.17;-6;-138;-5;19.67;2
1480;-0.20;-4.64;-0.14;-6;-137;-4;19.41;2
1481;-0.14;-4.61;-0.17;-4;-136;-5;19.47;2
1482;-0.10;-4.81;-0.14;-3;-142;-4;19.61;2
1483;-0.07;-4.71;-0.14;-2;-139;-4;19.41;2
1484;-0.17;-4.61;-0.24;-5;-136;-7;19.41;2
1485;-0.03;-4.64;-0.20;-1;-137;-6;19.74;2
1486;0.00;-4.58;-0.20;0;-135;-6;19.61;2
1487;-0.17;-4.71;-0.17;-5;-139;-5;19.67;2
1488;-0.07;-4.54;-0.20;-2;-134;-6;19.74;2
1489;-0.07;-4.85;-0.24;-2;-143;-7;19.74;2
1490;-0.14;-4.58;-0.20;-4;-135;-6;19.74;2
1491;-0.03;-4.58;-0.24;-1;-135;-7;19.47;2
1492;-0.07;-4.64;-0.20;-2;-137;-6;19.54;2
1493;-0.10;-4.47;-0.17;-3;-132;-5;19.41;2
1494;-0.07;-4.61;-0.17;-2;-136;-5;19.74;2
1495;-0.14;-4.64;-0.24;-4;-137;-7;19.67;2
1496;-0.10;-4.68;-0.27;-3;-138;-8;19.74;2
1497;-0.10;-4.51;-0.20;-3;-133;-6;19.47;2
1498;-0.10;-4.71;-0.10;-3;-139;-3;19.61;2
1499;-0.14;-4.68;-0.20;-4;-138;-6;19.41;2
1500;-0.03;-4.64;-0.17;-1;-137;-5;19.28;2
1501;-0.17;-4.68;-0.14;-5;-138;-4;19.54;2
1502;-0.14;-4.78;-0.24;-4;-141;-7;19.67;2
1503;0.07;-4.54;-0.20;2;-134;-6;19.67;2
1504;-0.10;-4.61;-0.27;-3;-136;-8;19.61;2
1505;-0.07;-4.68;-0.24;-2;-138;-7;19.47;2
1506;-0.10;-4.75;-0.24;-3;-140;-7;19.54;2
1507;-0.17;-4.54;-0.14;-5;-134;-4;19.41;2
1508;-0.03;-4.81;-0.14;-1;-142;-4;19.47;2
1509;-0.24;-4.58;-0.17;-7;-135;-5;19.54;2
1510;-0.07;-4.61;-0.10;-2;-136;-3;19.61;2
1511;-0.17;-4.64;-0.24;-5;-137;-7;19.28;2
1512;-0.14;-4.61;-0.20;-4;-136;-6;19.54;2
1513;-0.17;-4.68;-0.20;-5;-138;-6;19.74;2
1514;-0.17;-4.64;-0.24;-5;-137;-7;19.74;2
1515;-0.07;-4.58;-0.14;-2;-135;-4;19.54;2
1516;-0.07;-4.71;-0.17;-2;-139;-5;19.54;2
1517;-0.10;-4.71;-0.14;-3;-139;-4;19.61;2
1518;-0.17;-4.51;-0.17;-5;-133;-5;19.54;2
1519;-0.14;-4.64;-0.17;-4;-137;-5;19.47;2
1520;-0.10;-4.85;-0.14;-3;-143;-4;19.47;2
1521;-0.07;-4.58;-0.24;-2;-135;-7;19.47;2
1522;-0.31;-4.61;-0.10;-9;-136;-3;19.54;2
1523;-0.10;-4.64;-0.17;-3;-137;-5;19.47;2
1524;-0.10;-4.71;-0.27;-3;-139;-8;19.54;2
1525;-0.14;-4.71;-0.20;-4;-139;-6;19.47;2
1526;-0.14;-4.51;-0.17;-4;-133;-5;19.74;2
1527;-0.10;-4.71;-0.17;-3;-139;-5;19.47;2
1528;-0.07;-4.78;-0.20;-2;-141;-6;19.54;2
1529;0.00;-4.58;-0.17;0;-135;-5;19.34;2
1530;-0.10;-4.64;-0.20;-3;-137;-6;19.74;2
1531;-0.03;-4.61;-0.20;-1;-136;-6;19.61;2
1532;-0.10;-4.51;-0.24;-3;-133;-7;19.74;2
1533;-0.17;-4.71;-0.14;-5;-139;-4;19.41;2
1534;-0.03;-4.78;-0.24;-1;-141;-7;19.67;2
1535;-0.07;-4.68;-0.17;-2;-138;-5;19.74;2
1536;-0.14;-4.71;-0.17;-4;-139;-5;19.74;2
1537;-0.27;-4.61;-0.20;-8;-136;-6;19.54;2
1538;-0.03;-4.58;-0.20;-1;-135;-6;19.28;2
1539;-0.07;-4.75;-0.20;-2;-140;-6;19.34;2
1540;-0.10;-4.68;-0.20;-3;-138;-6;19.28;2
1541;-0.31;-4.61;-0.17;-9;-136;-5;19.34;2
1542;-0.27;-4.58;-0.24;-8;-135;-7;19.54;2
1543;-0.14;-4.64;-0.17;-4;-137;-5;19.54;2
1544;-0.07;-4.71;-0.20;-2;-139;-6;19.41;2
1545;-0.03;-4.68;-0.24;-1;-138;-7;19.47;2
1546;-0.14;-4.78;-0.10;-4;-141;-3;19.34;2
1547;0.03;-4.58;-0.20;1;-135;-6;19.54;2
1548;-0.10;-4.71;-0.24;-3;-139;-7;19.54;2
1549;-0.10;-4.64;-0.14;-3;-137;-4;19.47;2
1550;0.00;-4.75;-0.27;0;-140;-8;19.47;2
1551;-0.10;-4.71;-0.14;-3;-139;-4;19.54;2
1552;-0.10;-4.61;-0.10;-3;-136;-3;19.61;2
1553;-0.17;-4.68;-0.20;-5;-138;-6;19.80;2
1554;-0.20;-4.68;-0.17;-6;-138;-5;19.54;2
1555;-0.10;-4.54;-0.24;-3;-134;-7;19.41;2
1556;-0.03;-4.75;-0.24;-1;-140;-7;19.54;2
1557;-0.24;-4.58;-0.20;-7;-135;-6;19.41;2
1558;-0.17;-4.68;-0.17;-5;-138;-5;19.54;2
1559;0.00;-4.71;-0.14;0;-139;-4;19.54;2
1560;-0.24;-4.71;-0.24;-7;-139;-7;19.61;2
1561;-0.14;-4.58;-0.20;-4;-135;-6;19.47;2
1562;-0.24;-4.54;-0.24;-7;-134;-7;19.74;2
1563;-0.14;-4.61;-0.14;-4;-136;-4;19.47;2
1564;-0.07;-4.58;-0.17;-2;-135;-5;19.61;2
1565;-0.10;-4.71;-0.20;-3;-139;-6;19.61;2
1566;-0.14;-4.75;-0.14;-4;-140;-4;19.61;2
1567;-0.10;-4.75;-0.17;-3;-140;-5;19.61;2
1568;-0.14;-4.71;-0.20;-4;-139;-6;19.61;2
1569;0.00;-4.75;-0.20;0;-140;-6;19.47;2
1570;0.00;-4.61;-0.27;0;-136;-8;19.67;2
1571;-0.10;-4.75;-0.24;-3;-140;-7;19.54;2
1572;-0.24;-4.64;-0.17;-7;-137;-5;19.41;2
1573;-0.17;-4.71;-0.20;-5;-139;-6;19.61;2
1574;-0.27;-4.61;-0.20;-8;-136;-6;19.54;2
1575;-0.07;-4.71;-0.20;-2;-139;-6;19.54;2
1576;-0.07;-4.71;-0.20;-2;-139;-6;19.47;2
1577;-0.07;-4.61;-0.17;-2;-136;-5;19.47;2
1578;-0.10;-4.61;-0.14;-3;-136;-4;19.67;2
1579;-0.14;-4.61;-0.20;-4;-136;-6;19.41;2
1580;-0.03;-4.61;-0.20;-1;-136;-6;19.41;2
1581;-0.17;-4.54;-0.20;-5;-134;-6;19.74;2
1582;0.00;-4.71;-0.20;0;-139;-6;19.67;2
1583;0.00;-4.64;-0.17;0;-137;-5;19.61;2
1584;-0.07;-4.68;-0.24;-2;-138;-7;19.21;2
1585;-0.14;-4.68;-0.20;-4;-138;-6;19.47;2
1586;-0.07;-4.61;-0.14;-2;-136;-4;19.54;2
1587;-0.07;-4.64;-0.17;-2;-137;-5;19.61;2
1588;-0.03;-4.68;-0.14;-1;-138;-4;19.67;2
1589;-0.20;-4.75;-0.20;-6;-140;-6;19.54;2
1590;-0.10;-4.54;-0.24;-3;-134;-7;19.74;2
1591;-0.10;-4.78;-0.14;-3;-141;-4;19.61;2
1592;-0.20;-4.61;-0.20;-6;-136;-6;19.67;2
1593;-0.14;-4.75;-0.20;-4;-140;-6;19.54;2
1594;-0.10;-4.64;-0.14;-3;-137;-4;19.67;2
1595;0.00;-4.68;-0.14;0;-138;-4;19.34;2
1596;-0.20;-4.64;-0.14;-6;-137;-4;19.67;2
1597;-0.14;-4.64;-0.20;-4;-137;-6;19.80;2
1598;-0.31;-4.64;-0.20;-9;-137;-6;19.54;2
1599;0.03;-4.71;-0.10;1;-139;-3;19.80;2
1600;-0.07;-4.61;-0.20;-2;-136;-6;19.61;2
1601;-0.07;-4.85;-0.20;-2;-143;-6;19.61;2
1602;-0.10;-4.71;-0.20;-3;-139;-6;19.47;2
1603;-0.14;-4.75;-0.17;-4;-140;-5;19.41;2
1604;-0.17;-4.64;-0.20;-5;-137;-6;19.54;2
1605;-0.17;-4.71;-0.10;-5;-139;-3;19.74;2
1606;-0.03;-4.61;-0.17;-1;-136;-5;19.54;2
1607;-0.07;-4.71;-0.17;-2;-139;-5;19.54;2
1608;-0.17;-4.78;-0.14;-5;-141;-4;19.80;2
1609;-0.17;-4.71;-0.17;-5;-139;-5;19.67;2
1610;-0.03;-4.68;-0.24;-1;-138;-7;19.54;2
1611;-0.27;-4.58;-0.24;-8;-135;-7;19.74;2
1612;-0.10;-4.61;-0.20;-3;-136;-6;19.54;2
1613;-0.14;-4.64;-0.24;-4;-137;-7;19.74;2
1614;-0.10;-4.61;-0.24;-3;-136;-7;19.34;2
1615;-0.10;-4.58;-0.17;-3;-135;-5;19.41;2
1616;-0.07;-4.51;-0.20;-2;-133;-6;19.74;2
1617;-0.10;-4.78;-0.17;-3;-141;-5;19.41;2
1618;-0.07;-4.85;-0.20;-2;-143;-6;19.61;2
1619;-0.03;-4.71;-0.17;-1;-139;-5;19.47;2
1620;-0.14;-4.71;-0.20;-4;-139;-6;19.54;2
1621;-0.10;-4.75;-0.24;-3;-140;-7;19.34;2
1622;-0.24;-4.64;-0.20;-7;-137;-6;19.61;2
1623;-0.24;-4.64;-0.17;-7;-137;-5;19.34;2
1624;0.07;-4.61;-0.20;2;-136;-6;19.61;2
1625;-0.14;-4.54;-0.17;-4;-134;-5;19.61;2
1626;-0.31;-4.68;-0.14;-9;-138;-4;19.80;2
1627;-0.07;-4.54;-0.07;-2;-134;-2;19.41;2
1628;-0.20;-4.61;-0.10;-6;-136;-3;19.61;2
1629;-0.14;-4.68;-0.20;-4;-138;-6;19.54;2
1630;-0.20;-4.58;-0.20;-6;-135;-6;19.61;2
1631;-0.07;-4.58;-0.17;-2;-135;-5;19.61;2
1632;-0.14;-4.61;-0.20;-4;-136;-6;19.47;2
1633;-0.03;-4.71;-0.14;-1;-139;-4;19.54;2
1634;-0.17;-4.71;-0.31;-5;-139;-9;19.41;2
1635;-0.10;-4.64;-0.17;-3;-137;-5;19.41;2
1636;0.00;-4.64;-0.24;0;-137;-7;19.47;2
1637;-0.27;-4.61;-0.17;-8;-136;-5;19.47;2
1638;-0.10;-4.61;-0.14;-3;-136;-4;19.41;2
1639;-0.07;-4.75;-0.27;-2;-140;-8;19.54;2
1640;-0.07;-4.68;-0.07;-2;-138;-2;19.54;2
1641;-0.24;-4.75;-0.24;-7;-140;-7;19.54;2
1642;-0.17;-4.75;-0.17;-5;-140;-5;19.74;2
1643;-0.03;-4.71;-0.20;-1;-139;-6;19.41;2
1644;-0.03;-4.64;-0.27;-1;-137;-8;19.67;2
1645;-0.20;-4.71;-0.17;-6;-139;-5;19.54;2
1646;-0.14;-4.58;-0.17;-4;-135;-5;19.80;2
1647;-0.10;-4.81;-0.24;-3;-142;-7;19.41;2
1648;-0.17;-4.71;-0.07;-5;-139;-2;19.54;2
1649;-0.14;-4.64;-0.20;-4;-137;-6;19.61;2
1650;-0.07;-4.71;-0.20;-2;-139;-6;19.67;2
1651;0.03;-4.71;-0.20;1;-139;-6;19.67;2
1652;-0.10;-4.58;-0.17;-3;-135;-5;19.54;2
1653;-0.03;-4.58;-0.10;-1;-135;-3;19.41;2
1654;-0.07;-4.61;-0.17;-2;-136;-5;19.61;2
1655;0.00;-4.64;-0.17;0;-137;-5;19.41;2
1656;-0.07;-4.75;-0.20;-2;-140;-6;19.34;2
1657;-0.14;-4.61;-0.10;-4;-136;-3;19.47;2
1658;0.07;-4.71;-0.14;2;-139;-4;19.47;2
1659;-0.20;-4.64;-0.14;-6;-137;-4;19.28;2
1660;-0.14;-4.61;-0.17;-4;-136;-5;19.87;2
1661;0.07;-4.78;-0.14;2;-141;-4;19.41;2
1662;-0.27;-4.68;-0.17;-8;-138;-5;19.61;2
1663;0.00;-4.78;-0.07;0;-141;-2;19.61;2
1664;-0.17;-4.61;-0.14;-5;-136;-4;19.61;2
1665;-0.24;-4.58;-0.20;-7;-135;-6;19.47;2
1666;-0.14;-4.58;-0.24;-4;-135;-7;19.61;2
1667;-0.07;-4.61;-0.24;-2;-136;-7;19.54;2
1668;0.00;-4.71;-0.14;0;-139;-4;19.54;2
1669;-0.07;-4.51;-0.17;-2;-133;-5;19.87;2
1670;-0.07;-4.64;-0.10;-2;-137;-3;19.34;2
1671;-0.07;-4.61;-0.20;-2;-136;-6;19.28;2
1672;-0.17;-4.54;-0.20;-5;-134;-6;19.74;2
1673;-0.14;-4.75;-0.17;-4;-140;-5;19.54;2
1674;0.00;-4.68;-0.17;0;-138;-5;19.47;2
1675;-0.10;-4.61;-0.20;-3;-136;-6;19.47;2
1676;-0.03;-4.61;-0.14;-1;-136;-4;19.74;2
1677;-0.10;-4.68;-0.20;-3;-138;-6;19.67;2
1678;-0.10;-4.68;-0.17;-3;-138;-5;19.41;2
1679;-0.14;-4.68;-0.20;-4;-138;-6;19.47;2
1680;-0.10;-4.75;-0.17;-3;-140;-5;19.67;2
1681;-0.07;-4.64;-0.17;-2;-137;-5;19.41;2
1682;-0.07;-4.71;-0.17;-2;-139;-5;19.34;2
1683;-0.14;-4.85;-0.17;-4;-143;-5;19.61;2
1684;-0.03;-4.78;-0.17;-1;-141;-5;19.54;2
1685;-0.07;-4.61;-0.17;-2;-136;-5;19.80;2
1686;-0.10;-4.64;-0.14;-3;-137;-4;19.41;2
1687;-0.14;-4.75;-0.14;-4;-140;-4;19.54;2
1688;-0.10;-4.64;-0.10;-3;-137;-3;19.34;2
1689;-0.17;-4.58;-0.10;-5;-135;-3;19.74;2
1690;0.03;-4.71;-0.20;1;-139;-6;19.47;2
1691;-0.03;-4.64;-0.20;-1;-137;-6;19.47;2
1692;-0.20;-4.61;-0.17;-6;-136;-5;19.67;2
1693;-0.14;-4.64;-0.14;-4;-137;-4;19.47;2
1694;-0.03;-4.58;-0.20;-1;-135;-6;19.54;2
1695;-0.17;-4.58;-0.10;-5;-135;-3;19.47;2
1696;-0.07;-4.71;-0.17;-2;-139;-5;19.54;2
1697;-0.14;-4.68;-0.17;-4;-138;-5;19.54;2
1698;-0.24;-4.64;-0.07;-7;-137;-2;19.34;2
1699;-0.07;-4.64;-0.17;-2;-137;-5;19.47;2
1700;-0.10;-4.54;-0.10;-3;-134;-3;19.41;2
1701;-0.17;-4.68;-0.17;-5;-138;-5;19.61;2
1702;-0.03;-4.71;-0.20;-1;-139;-6;19.67;2
1703;0.03;-4.75;-0.24;1;-140;-7;19.67;2
1704;-0.17;-4.61;-0.10;-5;-136;-3;19.54;2
1705;-0.07;-4.68;-0.20;-2;-138;-6;19.54;2
1706;-0.10;-4.61;-0.24;-3;-136;-7;19.67;2
1707;0.00;-4.78;-0.20;0;-141;-6;19.41;2
1708;-0.10;-4.68;-0.24;-3;-138;-7;19.28;2
1709;-0.17;-4.71;-0.24;-5;-139;-7;19.47;2
1710;-0.10;-4.64;-0.20;-3;-137;-6;19.74;2
1711;-0.10;-4.75;-0.24;-3;-140;-7;19.34;2
1712;-0.07;-4.54;-0.10;-2;-134;-3;19.54;2
1713;-0.14;-4.68;-0.17;-4;-138;-5;19.41;2
1714;-0.07;-4.64;-0.24;-2;-137;-7;19.54;2
1715;-0.14;-4.78;-0.20;-4;-141;-6;19.67;2
1716;-0.07;-4.68;-0.24;-2;-138;-7;19.74;2
1717;-0.10;-4.64;-0.20;-3;-137;-6;19.41;2
1718;-0.17;-4.68;-0.17;-5;-138;-5;19.47;2
1719;-0.07;-4.78;-0.20;-2;-141;-6;19.54;2
1720;-0.24;-4.68;-0.10;-7;-138;-3;19.41;2
1721;-0.03;-4.71;-0.20;-1;-139;-6;19.54;2
1722;-0.03;-4.61;-0.27;-1;-136;-8;19.54;2
1723;-0.10;-4.58;-0.14;-3;-135;-4;19.47;2
1724;-0.03;-4.64;-0.24;-1;-137;-7;19.87;2
1725;-0.20;-4.61;-0.17;-6;-136;-5;19.54;2
1726;-0.14;-4.58;-0.24;-4;-135;-7;19.41;2
1727;-0.17;-4.71;-0.14;-5;-139;-4;19.61;2
1728;-0.10;-4.64;-0.20;-3;-137;-6;19.61;2
1729;-0.24;-4.64;-0.14;-7;-137;-4;19.61;2
1730;-0.07;-4.68;-0.17;-2;-138;-5;19.47;2
1731;-0.17;-4.78;-0.17;-5;-141;-5;19.28;2
1732;-0.07;-4.61;-0.17;-2;-136;-5;19.54;2
1733;-0.17;-4.61;-0.24;-5;-136;-7;19.54;2
1734;-0.14;-4.64;-0.24;-4;-137;-7;19.61;2
1735;-0.14;-4.68;-0.17;-4;-138;-5;19.54;2
1736;-0.03;-4.58;-0.20;-1;-135;-6;19.47;2
1737;-0.07;-4.64;-0.24;-2;-137;-7;19.54;2
1738;-0.24;-4.68;-0.24;-7;-138;-7;19.54;2
1739;-0.10;-4.75;-0.20;-3;-140;-6;19.54;2
1740;0.03;-4.71;-0.20;1;-139;-6;19.47;2
1741;-0.14;-4.78;-0.24;-4;-141;-7;19.28;2
1742;-0.20;-4.68;-0.14;-6;-138;-4;19.80;2
1743;-0.17;-4.68;-0.10;-5;-138;-3;19.61;2
1744;-0.03;-4.68;-0.10;-1;-138;-3;19.61;2
1745;-0.20;-4.71;-0.24;-6;-139;-7;19.28;2
1746;0.00;-4.68;-0.20;0;-138;-6;19.41;2
1747;-0.03;-4.68;-0.20;-1;-138;-6;19.61;2
1748;-0.14;-4.64;-0.20;-4;-137;-6;19.61;2
1749;-0.34;-4.71;-0.17;-10;-139;-5;19.61;2
1750;-0.20;-4.64;-0.34;-6;-137;-10;19.61;2
1751;-0.17;-4.75;-0.20;-5;-140;-6;19.54;2
1752;-0.17;-4.71;-0.24;-5;-139;-7;19.61;2
1753;-0.14;-4.71;-0.17;-4;-139;-5;19.41;2
1754;-0.17;-4.64;-0.27;-5;-137;-8;19.47;2
1755;0.00;-4.75;-0.14;0;-140;-4;19.47;2
1756;0.03;-4.64;-0.17;1;-137;-5;19.34;2
1757;-0.03;-4.64;-0.20;-1;-137;-6;19.54;2
1758;-0.10;-4.81;-0.10;-3;-142;-3;19.67;2
1759;-0.03;-4.54;-0.24;-1;-134;-7;19.34;2
1760;-0.14;-4.64;-0.24;-4;-137;-7;19.54;2
1761;-0.20;-4.61;-0.24;-6;-136;-7;19.74;2
1762;-0.10;-4.64;-0.17;-3;-137;-5;19.47;2
1763;-0.10;-4.64;-0.17;-3;-137;-5;19.47;2
1764;-0.14;-4.68;-0.24;-4;-138;-7;19.47;2
1765;-0.10;-4.71;-0.10;-3;-139;-3;19.74;2
1766;-0.17;-4.68;-0.14;-5;-138;-4;19.28;2
1767;-0.10;-4.68;-0.10;-3;-138;-3;19.41;2
1768;0.00;-4.68;-0.20;0;-138;-6;19.54;2
1769;-0.10;-4.68;-0.20;-3;-138;-6;19.47;2
1770;-0.14;-4.71;-0.24;-4;-139;-7;19.80;2
1771;-0.10;-4.71;-0.14;-3;-139;-4;19.61;2
1772;-0.07;-4.81;-0.20;-2;-142;-6;19.47;2
1773;-0.07;-4.68;-0.20;-2;-138;-6;19.41;2
1774;-0.20;-4.68;-0.20;-6;-138;-6;19.54;2
1775;-0.10;-4.54;-0.10;-3;-134;-3;19.74;2
1776;-0.14;-4.61;-0.20;-4;-136;-6;19.28;2
1777;-0.20;-4.71;-0.20;-6;-139;-6;19.47;2
1778;-0.07;-4.71;-0.14;-2;-139;-4;19.47;2
1779;-0.24;-4.54;-0.10;-7;-134;-3;19.54;2
1780;-0.03;-4.71;-0.17;-1;-139;-5;19.61;2
1781;-0.17;-4.78;-0.14;-5;-141;-4;19.54;2
1782;-0.07;-4.68;-0.24;-2;-138;-7;19.54;2
1783;-0.03;-4.64;-0.24;-1;-137;-7;19.54;2
1784;0.00;-4.64;-0.17;0;-137;-5;19.74;2
1785;-0.14;-4.71;-0.14;-4;-139;-4;19.67;2
1786;-0.07;-4.71;-0.24;-2;-139;-7;19.41;2
1787;-0.07;-4.68;-0.27;-2;-138;-8;19.54;2
1788;-0.07;-4.58;-0.20;-2;-135;-6;19.34;2
1789;-0.17;-4.64;-0.20;-5;-137;-6;19.67;2
1790;-0.20;-4.64;-0.17;-6;-137;-5;19.67;2
1791;-0.17;-4.61;-0.17;-5;-136;-5;19.74;2
1792;-0.10;-4.78;-0.14;-3;-141;-4;19.54;2
1793;-0.03;-4.68;-0.14;-1;-138;-4;19.67;2
1794;-0.07;-4.71;-0.20;-2;-139;-6;19.61;2
1795;0.00;-4.58;-0.24;0;-135;-7;19.28;2
1796;-0.14;-4.64;-0.24;-4;-137;-7;19.54;2
1797;-0.10;-4.71;-0.20;-3;-139;-6;19.54;2
1798;-0.07;-4.64;-0.14;-2;-137;-4;19.61;2
1799;-0.10;-4.75;-0.17;-3;-140;-5;19.80;2
1800;-0.27;-4.68;-0.10;-8;-138;-3;19.61;2
1801;-0.20;-4.78;-0.20;-6;-141;-6;19.74;2
1802;-0.14;-4.68;-0.17;-4;-138;-5;19.47;2
1803;-0.03;-4.85;-0.27;-1;-143;-8;19.61;2
1804;-0.10;-4.61;-0.27;-3;-136;-8;19.54;2
1805;-0.07;-4.64;-0.14;-2;-137;-4;19.54;2
1806;-0.10;-4.75;-0.20;-3;-140;-6;19.74;2
1807;-0.03;-4.64;-0.10;-1;-137;-3;19.54;2
1808;-0.10;-4.61;-0.14;-3;-136;-4;19.47;2
1809;-0.10;-4.71;-0.24;-3;-139;-7;19.61;2
1810;-0.27;-4.61;-0.10;-8;-136;-3;19.47;2
1811;-0.20;-4.71;-0.20;-6;-139;-6;19.34;2
1812;-0.14;-4.64;-0.10;-4;-137;-3;19.67;2
1813;-0.14;-4.68;-0.10;-4;-138;-3;19.61;2
1814;-0.24;-4.68;-0.24;-7;-138;-7;19.54;2
1815;0.03;-4.68;-0.20;1;-138;-6;19.67;2
1816;-0.17;-4.75;-0.24;-5;-140;-7;19.74;2
1817;-0.17;-4.68;-0.17;-5;-138;-5;19.54;2
1818;-0.20;-4.71;-0.14;-6;-139;-4;19.54;2
1819;-0.20;-4.75;-0.20;-6;-140;-6;19.80;2
1820;-0.20;-4.61;-0.17;-6;-136;-5;19.54;2
1821;-0.10;-4.71;-0.20;-3;-139;-6;19.74;2
1822;0.00;-4.71;-0.17;0;-139;-5;19.54;2
1823;-0.07;-4.61;-0.17;-2;-136;-5;19.61;2
1824;-0.27;-4.64;-0.20;-8;-137;-6;19.47;2
1825;-0.24;-4.68;-0.20;-7;-138;-6;19.28;2
1826;-0.03;-4.58;-0.24;-1;-135;-7;19.47;2
1827;-0.24;-4.71;-0.10;-7;-139;-3;19.54;2
1828;0.03;-4.64;-0.24;1;-137;-7;19.61;2
1829;-0.17;-4.68;-0.07;-5;-138;-2;19.61;2
1830;-0.10;-4.64;-0.20;-3;-137;-6;19.74;2
1831;-0.24;-4.64;-0.17;-7;-137;-5;19.74;2
1832;-0.10;-4.68;-0.17;-3;-138;-5;19.61;2
1833;-0.10;-4.58;-0.14;-3;-135;-4;19.67;2
1834;-0.07;-4.71;-0.20;-2;-139;-6;19.41;2
1835;0.00;-4.61;-0.24;0;-136;-7;19.61;2
1836;-0.03;-4.64;-0.24;-1;-137;-7;19.47;2
1837;-0.07;-4.64;-0.17;-2;-137;-5;19.54;2
1838;-0.07;-4.58;-0.24;-2;-135;-7;19.61;2
1839;-0.14;-4.61;-0.17;-4;-136;-5;19.34;2
1840;-0.07;-4.78;-0.10;-2;-141;-3;19.61;2
1841;-0.17;-4.47;-0.24;-5;-132;-7;19.47;2
1842;-0.10;-4.61;-0.17;-3;-136;-5;19.54;2
1843;-0.17;-4.75;-0.24;-5;-140;-7;19.34;2
1844;-0.17;-4.64;-0.20;-5;-137;-6;19.67;2
1845;0.00;-4.64;-0.14;0;-137;-4;19.47;2
1846;-0.03;-4.64;-0.10;-1;-137;-3;19.41;2
1847;-0.20;-4.54;-0.20;-6;-134;-6;19.47;2
1848;-0.17;-4.78;-0.17;-5;-141;-5;19.67;2
1849;-0.14;-4.61;-0.24;-4;-136;-7;19.34;2
1850;-0.07;-4.68;-0.34;-2;-138;-10;19.54;2
1851;0.00;-4.68;-0.17;0;-138;-5;19.74;2
1852;-0.14;-4.51;-0.20;-4;-133;-6;19.74;2
1853;-0.14;-4.61;-0.24;-4;-136;-7;19.41;2
1854;-0.03;-4.75;-0.17;-1;-140;-5;19.54;2
1855;-0.20;-4.78;-0.24;-6;-141;-7;19.34;2
1856;-0.10;-4.47;-0.10;-3;-132;-3;19.54;2
1857;0.10;-4.54;-0.17;3;-134;-5;19.61;2
1858;-0.07;-4.78;-0.20;-2;-141;-6;19.54;2
1859;-0.20;-4.58;-0.17;-6;-135;-5;19.47;2
1860;-0.07;-4.71;-0.17;-2;-139;-5;19.61;2
1861;0.00;-4.85;-0.14;0;-143;-4;19.74;2
1862;-0.17;-4.71;-0.27;-5;-139;-8;19.54;2
1863;-0.17;-4.68;-0.20;-5;-138;-6;19.74;2
1864;-0.14;-4.61;-0.17;-4;-136;-5;19.61;2
1865;-0.07;-4.64;-0.24;-2;-137;-7;19.74;2
1866;-0.03;-4.58;-0.20;-1;-135;-6;19.61;2
1867;-0.07;-4.54;-0.14;-2;-134;-4;19.61;2
1868;-0.17;-4.64;-0.17;-5;-137;-5;19.61;2
1869;-0.14;-4.61;-0.20;-4;-136;-6;19.28;2
1870;-0.07;-4.61;-0.20;-2;-136;-6;19.61;2
1871;-0.17;-4.71;-0.20;-5;-139;-6;19.80;2
1872;-0.10;-4.71;-0.10;-3;-139;-3;19.61;2
1873;-0.14;-4.61;-0.17;-4;-136;-5;19.54;2
1874;-0.10;-4.71;-0.10;-3;-139;-3;19.54;2
1875;-0.14;-4.71;-0.14;-4;-139;-4;19.74;2
1876;-0.14;-4.61;-0.20;-4;-136;-6;19.41;2
1877;-0.07;-4.68;-0.17;-2;-138;-5;19.34;2
1878;-0.14;-4.51;-0.27;-4;-133;-8;19.61;2
1879;-0.07;-4.64;-0.17;-2;-137;-5;19.80;2
1880;-0.07;-4.64;-0.10;-2;-137;-3;19.54;2
1881;0.07;-4.75;-0.20;2;-140;-6;19.61;2
1882;-0.24;-4.64;-0.20;-7;-137;-6;19.54;2
1883;-0.03;-4.61;-0.10;-1;-136;-3;19.41;2
1884;-0.17;-4.58;-0.14;-5;-135;-4;19.47;2
1885;-0.03;-4.64;-0.20;-1;-137;-6;19.54;2
1886;-0.10;-4.61;-0.20;-3;-136;-6;19.61;2
1887;-0.10;-4.64;-0.24;-3;-137;-7;19.47;2
1888;0.00;-4.68;-0.17;0;-138;-5;19.67;2
1889;-0.10;-4.71;-0.20;-3;-139;-6;19.47;2
1890;-0.07;-4.71;-0.14;-2;-139;-4;19.61;2
1891;-0.10;-4.64;-0.07;-3;-137;-2;19.47;2
1892;0.14;-4.64;-0.24;4;-137;-7;19.61;2
1893;0.03;-4.75;-0.17;1;-140;-5;19.54;2
1894;-0.20;-4.61;-0.20;-6;-136;-6;19.61;2
1895;-0.10;-4.64;-0.20;-3;-137;-6;19.61;2
1896;0.00;-4.71;-0.20;0;-139;-6;19.41;2
1897;-0.17;-4.75;-0.20;-5;-140;-6;19.61;2
1898;-0.07;-4.61;-0.20;-2;-136;-6;19.67;2
1899;-0.17;-4.71;-0.24;-5;-139;-7;19.54;2
1900;-0.10;-4.58;-0.17;-3;-135;-5;19.61;2
1901;-0.20;-4.61;-0.27;-6;-136;-8;19.61;2
1902;-0.20;-4.64;-0.24;-6;-137;-7;19.80;2
1903;-0.24;-4.68;-0.27;-7;-138;-8;19.54;2
1904;0.00;-4.71;-0.17;0;-139;-5;19.61;2
1905;0.03;-4.61;-0.24;1;-136;-7;19.28;2
1906;-0.10;-4.75;-0.27;-3;-140;-8;19.47;2
1907;0.00;-4.71;-0.24;0;-139;-7;19.54;2
1908;0.03;-4.71;-0.24;1;-139;-7;19.41;2
1909;-0.03;-4.75;-0.20;-1;-140;-6;19.67;2
1910;-0.14;-4.61;-0.20;-4;-136;-6;19.54;2
1911;-0.03;-4.64;-0.20;-1;-137;-6;19.67;2
1912;-0.24;-4.85;-0.20;-7;-143;-6;19.47;2
1913;0.00;-4.71;-0.14;0;-139;-4;19.61;2
1914;-0.10;-4.71;-0.17;-3;-139;-5;19.80;2
1915;-0.07;-4.88;-0.17;-2;-144;-5;19.54;2
1916;-0.17;-4.61;-0.20;-5;-136;-6;19.67;2
1917;-0.17;-4.71;-0.20;-5;-139;-6;19.80;2
1918;-0.20;-4.61;-0.20;-6;-136;-6;19.54;2
1919;-0.17;-4.68;-0.17;-5;-138;-5;19.74;2
1920;-0.31;-4.58;-0.24;-9;-135;-7;19.67;2
1921;0.03;-4.61;-0.27;1;-136;-8;19.61;2
1922;-0.03;-4.51;-0.20;-1;-133;-6;19.61;2
1923;-0.10;-4.71;-0.14;-3;-139;-4;19.61;2
1924;-0.14;-4.61;-0.24;-4;-136;-7;19.28;2
1925;-0.20;-4.71;-0.17;-6;-139;-5;19.54;2
1926;-0.14;-4.68;-0.20;-4;-138;-6;19.47;2
1927;-0.10;-4.68;-0.14;-3;-138;-4;19.67;2
1928;-0.10;-4.58;-0.17;-3;-135;-5;19.74;2
1929;-0.10;-4.75;-0.17;-3;-140;-5;19.54;2
1930;-0.10;-4.64;-0.14;-3;-137;-4;19.47;2
1931;-0.27;-4.68;-0.10;-8;-138;-3;19.54;2
1932;-0.14;-4.64;-0.14;-4;-137;-4;19.74;2
1933;-0.14;-4.61;-0.20;-4;-136;-6;19.61;2
1934;0.07;-4.58;-0.17;2;-135;-5;19.47;2
1935;0.00;-4.71;-0.20;0;-139;-6;19.34;2
1936;-0.17;-4.64;-0.24;-5;-137;-7;19.74;2
1937;-0.03;-4.71;-0.14;-1;-139;-4;19.67;2
1938;-0.07;-4.51;-0.27;-2;-133;-8;19.61;2
1939;-0.14;-4.71;-0.07;-4;-139;-2;19.41;2
1940;-0.17;-4.75;-0.20;-5;-140;-6;19.74;2
1941;-0.17;-4.68;-0.20;-5;-138;-6;19.61;2
1942;0.07;-4.78;-0.24;2;-141;-7;19.61;2
1943;0.03;-4.68;-0.27;1;-138;-8;19.54;2
1944;-0.07;-4.58;-0.20;-2;-135;-6;19.74;2
1945;-0.03;-4.58;-0.14;-1;-135;-4;19.41;2
1946;-0.10;-4.75;-0.20;-3;-140;-6;19.41;2
1947;-0.20;-4.78;-0.17;-6;-141;-5;19.47;2
1948;-0.10;-4.75;-0.24;-3;-140;-7;19.41;2
1949;-0.24;-4.64;-0.20;-7;-137;-6;19.61;2
1950;-0.10;-4.58;-0.17;-3;-135;-5;19.61;2
1951;-0.10;-4.51;-0.14;-3;-133;-4;19.54;2
1952;-0.20;-4.64;-0.27;-6;-137;-8;19.47;2
1953;-0.10;-4.61;-0.14;-3;-136;-4;19.80;2
1954;-0.20;-4.64;-0.20;-6;-137;-6;19.41;2
1955;-0.10;-4.58;-0.20;-3;-135;-6;19.54;2
1956;-0.10;-4.61;-0.14;-3;-136;-4;19.74;2
1957;-0.20;-4.64;-0.17;-6;-137;-5;19.67;2
1958;-0.03;-4.64;-0.10;-1;-137;-3;19.47;2
1959;-0.14;-4.61;-0.17;-4;-136;-5;19.47;2
1960;-0.14;-4.58;-0.17;-4;-135;-5;19.54;2
1961;-0.10;-4.61;-0.24;-3;-136;-7;19.54;2
1962;-0.10;-4.78;-0.24;-3;-141;-7;19.34;2
1963;-0.20;-4.58;-0.10;-6;-135;-3;19.67;2
1964;-0.24;-4.58;-0.17;-7;-135;-5;19.41;2
1965;-0.10;-4.51;-0.27;-3;-133;-8;19.61;2
1966;-0.10;-4.64;-0.24;-3;-137;-7;19.67;2
1967;-0.03;-4.78;-0.07;-1;-141;-2;19.61;2
1968;-0.20;-4.71;-0.24;-6;-139;-7;19.67;2
1969;-0.14;-4.54;-0.20;-4;-134;-6;19.61;2
1970;-0.10;-4.71;-0.24;-3;-139;-7;19.61;2
1971;-0.10;-4.75;-0.20;-3;-140;-6;19.54;2
1972;-0.10;-4.64;-0.20;-3;-137;-6;19.54;2
1973;-0.03;-4.71;-0.17;-1;-139;-5;19.61;2
1974;-0.14;-4.64;-0.17;-4;-137;-5;19.28;2
1975;-0.14;-4.61;-0.10;-4;-136;-3;19.61;2
1976;-0.24;-4.68;-0.24;-7;-138;-7;19.47;2
1977;-0.10;-4.71;-0.24;-3;-139;-7;19.61;2
1978;-0.14;-4.68;-0.20;-4;-138;-6;19.93;2
1979;-0.17;-4.54;-0.17;-5;-134;-5;19.54;2
1980;-0.10;-4.68;-0.24;-3;-138;-7;19.54;2
1981;-0.20;-4.61;-0.20;-6;-136;-6;19.74;2
1982;-0.27;-4.64;-0.14;-8;-137;-4;19.47;2
1983;-0.03;-4.81;-0.20;-1;-142;-6;19.41;2
1984;-0.07;-4.71;-0.20;-2;-139;-6;19.67;2
1985;-0.17;-4.64;-0.17;-5;-137;-5;19.34;2
1986;-0.24;-4.68;-0.24;-7;-138;-7;19.47;2
1987;-0.17;-4.71;-0.17;-5;-139;-5;19.34;2
1988;-0.14;-4.88;-0.20;-4;-144;-6;19.47;2
1989;-0.20;-4.71;-0.17;-6;-139;-5;19.54;2
1990;-0.14;-4.71;-0.17;-4;-139;-5;19.61;2
1991;-0.24;-4.78;-0.24;-7;-141;-7;19.54;2
1992;0.03;-4.54;-0.17;1;-134;-5;19.47;2
1993;-0.24;-4.64;-0.17;-7;-137;-5;19.54;2
1994;-0.17;-4.58;-0.10;-5;-135;-3;19.54;2
1995;-0.10;-4.71;-0.14;-3;-139;-4;19.47;2
1996;-0.17;-4.78;-0.17;-5;-141;-5;19.47;2
1997;-0.24;-4.75;-0.17;-7;-140;-5;19.41;2
1998;-0.14;-4.58;-0.31;-4;-135;-9;19.54;2
1999;-0.14;-4.78;-0.20;-4;-141;-6;19.80;2
2000;-0.24;-4.81;-0.14;-7;-142;-4;19.74;2
2001;-0.07;-4.75;-0.20;-2;-140;-6;19.47;2
2002;-0.20;-4.64;-0.20;-6;-137;-6;19.21;2
2003;-0.14;-4.68;-0.20;-4;-138;-6;19.54;2
2004;-0.07;-4.64;-0.10;-2;-137;-3;19.67;2
2005;-0.24;-4.85;-0.24;-7;-143;-7;19.61;2
2006;-0.14;-4.64;-0.17;-4;-137;-5;19.54;2
2007;-0.10;-4.75;-0.17;-3;-140;-5;19.61;2
2008;-0.10;-4.64;-0.14;-3;-137;-4;19.47;2
2009;-0.20;-4.68;-0.24;-6;-138;-7;19.41;2
2010;-0.14;-4.68;-0.17;-4;-138;-5;19.54;2
2011;0.00;-4.47;-0.27;0;-132;-8;19.61;2
2012;-0.10;-4.78;-0.10;-3;-141;-3;19.34;2
2013;-0.14;-4.68;-0.14;-4;-138;-4;19.61;2
2014;-0.10;-4.64;-0.20;-3;-137;-6;19.61;2
2015;-0.10;-4.75;-0.24;-3;-140;-7;19.47;2
2016;-0.24;-4.61;-0.10;-7;-136;-3;19.47;2
2017;-0.14;-4.71;-0.20;-4;-139;-6;19.47;2
2018;-0.20;-4.58;-0.34;-6;-135;-10;19.47;2
2019;-0.27;-4.75;-0.27;-8;-140;-8;19.47;2
2020;-0.03;-4.64;-0.20;-1;-137;-6;19.61;2
2021;-0.10;-4.64;-0.20;-3;-137;-6;19.61;2
2022;-0.07;-4.75;-0.17;-2;-140;-5;19.41;2
2023;0.03;-4.75;-0.24;1;-140;-7;19.34;2
2024;-0.03;-4.85;-0.17;-1;-143;-5;19.61;2
2025;0.07;-4.71;-0.20;2;-139;-6;19.74;2
2026;-0.14;-4.68;-0.17;-4;-138;-5;19.61;2
2027;-0.17;-4.71;-0.17;-5;-139;-5;19.41;2
2028;0.00;-4.75;-0.14;0;-140;-4;19.54;2
2029;-0.14;-4.54;-0.17;-4;-134;-5;19.67;2
2030;-0.10;-4.71;-0.14;-3;-139;-4;19.41;2
2031;-0.10;-4.58;-0.10;-3;-135;-3;19.61;2
2032;-0.10;-4.58;-0.17;-3;-135;-5;19.41;2
2033;-0.10;-4.64;-0.14;-3;-137;-4;19.47;2
2034;-0.07;-4.71;-0.20;-2;-139;-6;19.87;2
2035;-0.10;-4.68;-0.20;-3;-138;-6;19.61;2
2036;0.03;-4.61;-0.17;1;-136;-5;19.54;2
2037;-0.17;-4.68;-0.24;-5;-138;-7;19.61;2
2038;-0.10;-4.68;-0.14;-3;-138;-4;19.54;2
2039;-0.20;-4.64;-0.14;-6;-137;-4;19.61;2
2040;-0.10;-4.64;-0.14;-3;-137;-4;19.47;2
2041;-0.03;-4.58;-0.20;-1;-135;-6;19.61;2
2042;-0.14;-4.68;-0.20;-4;-138;-6;19.47;2
2043;-0.10;-4.64;-0.20;-3;-137;-6;19.61;2
2044;-0.24;-4.64;-0.14;-7;-137;-4;19.61;2
2045;-0.14;-4.58;-0.17;-4;-135;-5;19.61;2
2046;-0.10;-4.71;-0.17;-3;-139;-5;19.54;2
2047;-0.10;-4.68;-0.17;-3;-138;-5;19.47;2
2048;-0.10;-4.68;-0.20;-3;-138;-6;19.67;2
2049;-0.14;-4.71;-0.20;-4;-139;-6;19.54;2
2050;-0.14;-4.71;-0.14;-4;-139;-4;19.80;2
2051;-0.14;-4.68;-0.27;-4;-138;-8;19.54;2
2052;-0.10;-4.71;-0.17;-3;-139;-5;19.61;2
2053;-0.20;-4.64;-0.24;-6;-137;-7;19.54;2
2054;-0.10;-4.64;-0.20;-3;-137;-6;19.61;2
2055;0.00;-4.68;-0.17;0;-138;-5;19.74;2
2056;-0.10;-4.71;-0.27;-3;-139;-8;19.74;2
2057;-0.17;-4.75;-0.20;-5;-140;-6;19.47;2
2058;-0.14;-4.68;-0.24;-4;-138;-7;19.61;2
2059;-0.10;-4.61;-0.24;-3;-136;-7;19.80;2
2060;-0.10;-4.75;-0.17;-3;-140;-5;19.54;2
2061;-0.07;-4.61;-0.20;-2;-136;-6;19.61;2
2062;-0.10;-4.58;-0.24;-3;-135;-7;19.74;2
2063;-0.03;-4.68;-0.10;-1;-138;-3;19.41;2
2064;-0.20;-4.64;-0.17;-6;-137;-5;19.61;2
2065;-0.14;-4.81;-0.20;-4;-142;-6;19.41;2
2066;-0.10;-4.61;-0.14;-3;-136;-4;19.74;2
2067;-0.17;-4.54;-0.17;-5;-134;-5;19.54;2
2068;-0.20;-4.75;-0.24;-6;-140;-7;19.67;2
2069;-0.17;-4.61;-0.17;-5;-136;-5;19.61;2
